LocationID,Long,Lat,close_class,Jan_temp,Feb_temp,March_temp,April_temp,May_temp,June_temp,July_temp,Aug_temp,Sept_temp,Oct_temp,Nov_temp,Dec_temp,Average_annual_temp
1,57,62,0.1,-18.425,-16.1,-8.1,0.05,6.6,13.4,16.725,13.225,7.2,-1.075,-9.425,-15,-0.910416667
2,-79.83333333,9.166666667,0.1,25.925,26.35,27.2,27.725,27.25,26.45,26.7,26.325,26.05,26,25.625,25.575,26.43125
4,-1,55,0.5,3.011111111,3.244444444,5.277777778,7.411111111,10.22222222,13.36666667,14.92222222,14.66666667,12.83333333,9.366666667,6.044444444,4.033333333,8.7
5,10,60,0.1,-6.05,-5.6,-1.4,3.175,9.125,13.55,15.3,14.275,9.95,5.1,-0.725,-4.575,4.34375
6,10,58,0.5,-0.1,-0.38,1.82,5.32,10.3,14.22,15.8,15.7,12.76,9.16,4.6,2.36,7.63
7,12,58,0.1,-1.8,-1.95,0.975,5.075,10.675,14.775,16.125,15.675,12.1,8.275,3.325,-0.225,6.91875
8,-1.333333333,51.7,0.1,3.35,3.85,6,8.6,11.85,14.85,16.4,16.1,13.95,10.65,6.65,4.6,9.7375
9,8.533333333,63.91666667,0.1,0,-0.1,1.6,4.1,7.9,10.8,12.6,12.9,10.2,6.8,2.8,0.8,5.866666667
10,8.666666667,63.83333333,0.1,-0.175,-0.275,1.475,4.05,7.925,10.8,12.575,12.925,10.125,6.675,2.675,0.625,5.783333333
12,9.25,64,0.5,-1.154545455,-1.218181818,0.827272727,3.681818182,7.827272727,10.71818182,12.40909091,12.65454545,9.736363636,6.109090909,2,-0.2,5.282575758
13,11,64.91666667,0.1,-1.25,-1.25,0.7,3.6,7,10.65,12.65,13.5,9.95,6.4,2.25,0.05,5.354166667
14,10.83333333,65.08333333,0.1,-0.9,-0.9,0.9,3.8,7.1,10.7,12.6,13.6,10.1,6.6,2.4,0.4,5.533333333
15,-10,65,NA,NA,NA,NA,NA,NA,NA,NA,NA,NA,NA,NA,NA,NA
16,35,71,NA,NA,NA,NA,NA,NA,NA,NA,NA,NA,NA,NA,NA,NA
17,11.86666667,67.43333333,0.1,-0.3,-0.6,0.1,2.4,5.3,8.7,11.1,12.1,9.1,5.7,2.4,0.7,4.725
18,-5.15,51.7,0.1,4.2,4.3,5.6,8.3,10.9,14.5,16.4,16.2,13.4,10.6,7.1,5.3,9.733333333
19,-115,55,0.1,-19.075,-13.15,-8.275,0.975,7.6,11.425,13.85,12.525,7.575,2.35,-7.35,-14.15,-0.475
20,-125,55,0.1,-12.975,-8.55,-3.825,1.75,6.65,10.875,13.475,12.825,8.3,2.95,-4.825,-10.25,1.366666667
21,-98,55,0.1,-23.575,-19.1,-12.075,-1.275,7.375,13.6,17.15,15.3,8.4,1.725,-9.8,-20.175,-1.870833333
22,-67,47,0.1,-13.2,-11.65,-5.825,1.35,8.45,14.175,17.2,15.7,10.7,4.775,-1.8,-10.05,2.485416667
23,-53,48,0.1,-4.025,-4.6,-2.3,1.475,5.65,10.4,15.1,15.25,11.625,7.05,3.225,-1.5,4.779166667
24,-100,67,0.1,-34.275,-34.3,-30.65,-21.05,-8.975,1.4,7.55,5.925,0,-9.725,-22.6,-29.35,-14.67083333
25,-63,45,0.1,-5.725,-5.875,-1.85,3.45,8.75,13.675,17.525,17.275,13.525,8.325,3.325,-3.075,5.777083333
26,-88,52,0.1,-22.1,-18.5,-12.225,-1.975,6.1,13.15,16.8,15.15,8.975,2.9,-6.9,-17.375,-1.333333333
27,-63,47,0.5,-7.2,-7.2,-2.8,2.8,9,14.6,18.6,18.1,13.7,8.3,2.9,-3.8,5.583333333
28,-73,52,0.1,-21.95,-20.075,-13.1,-3.9,4.05,10.9,14.25,12.95,7.85,1.75,-6.175,-17.525,-2.58125
29,-104,55,0.1,-22.375,-17.925,-10.925,0.45,8.575,14.025,16.875,15.05,8.85,2.325,-9.125,-18.6,-1.066666667
30,-155,65,0.1,-25.525,-22.925,-16.975,-6.75,4.825,12.125,13.7,10.9,4.45,-6.75,-17.95,-25,-6.322916667
31,-87,33,0.1,6.15,8.5,12.7,16.95,21.05,24.925,26.475,26.175,23.3,17.25,12.15,7.9,16.96041667
32,-155,65,0.1,-25.525,-22.925,-16.975,-6.75,4.825,12.125,13.7,10.9,4.45,-6.75,-17.95,-25,-6.322916667
33,-112,34,0.1,8.325,9.975,11.475,15.275,19.975,25.3,28.425,27.175,24.025,18.575,12.4,8.625,17.4625
34,-98,34,0.1,4.6,7.4,12.075,17.4,21.725,26.05,28.825,28.325,24.125,18.125,11.375,6.275,17.19166667
35,-119,37,0.1,1.025,1.275,1.65,4.175,8.225,13.025,16.9,16.5,13.375,9.1,3.975,1.225,7.5375
36,-116,38,0.1,-0.425,2.125,4.65,8.5,13.4,18.6,22.35,21.225,16.9,11.125,4.425,0.05,10.24375
37,-73,42,0.1,-5.875,-4.675,0.6,6.825,13,17.8,20.525,19.375,15.1,9.3,3.7,-3.125,7.7125
38,-74,39,0.5,0.733333333,1.666666667,5.3,10.46666667,15.53333333,20.7,23.8,23.16666667,19.6,13.83333333,8.333333333,3.133333333,12.18888889
39,-82,30,0.1,11.975,13.225,16.55,19.8,23.275,26.05,27.15,26.975,25.525,21.225,16.7,13.1,20.12916667
40,-83,33,0.1,7.075,8.95,13.1,17.325,21.375,25.1,26.75,26.275,23.45,17.75,12.75,8.575,17.37291667
41,-114,44,0.1,-10.125,-8.1,-5,0.325,5.375,9.725,13.675,12.875,8.225,3.1,-4.35,-9.775,1.329166667
42,-89,39,0.1,-2.525,0.025,5.95,12.425,17.65,23.075,24.85,23.525,19.825,13.4,6.425,0.275,12.075
43,-86,40,0.1,-4.025,-1.925,4,10.35,16.2,21.3,23.325,22.125,18.55,12.025,5.45,-1.125,10.52083333
44,-94,42,0.1,-8.05,-5.175,1.825,9.525,15.975,21.025,23.4,21.8,17.3,10.9,2.775,-5.3,8.833333333
45,-97,39,0.1,-2.525,0.475,6.15,12.65,18.275,23.45,26.55,25.45,20.4,14.2,6.3,-0.275,12.59166667
46,-85,38,0.1,-0.2,1.95,7.075,12.625,17.5,22,24.125,23.475,19.9,13.625,7.625,2.175,12.65625
47,-97,31,0.1,8.775,11.05,15.35,19.85,23.475,26.9,28.9,28.975,25.7,20.5,14.85,10.275,19.55
48,-69,45,0.1,-9.15,-7.775,-1.925,4.85,11.425,16.575,19.625,18.475,13.55,7.725,1.7,-6.1,5.747916667
49,-76,39,0.1,0.825,2.075,6.575,12.05,17.45,22.15,24.625,23.8,20.125,14.025,8.425,3.125,12.9375
50,-73,42,0.1,-5.875,-4.675,0.6,6.825,13,17.8,20.525,19.375,15.1,9.3,3.7,-3.125,7.7125
51,-85,44,0.1,-7.775,-6.95,-1.425,6.05,12.45,17.475,20.05,18.675,14.35,8.325,1.85,-4.65,6.535416667
52,-95,46,0.1,-13.75,-10.175,-3.05,6.025,13.325,18.5,21.325,19.875,14.225,7.875,-1.5,-10.4,5.189583333
53,-90,33,0.1,5.95,8.2,12.675,17.225,21.3,25.075,26.55,26.25,23.25,17.275,12.1,7.575,16.95208333
54,-98,38,0.1,-1.775,1.3,6.75,12.925,18.325,23.925,27.025,25.825,20.8,14.4,6.475,0.125,13.00833333
55,-110,47,0.1,-5.625,-2.9,-0.25,5.025,10.025,14.475,18.175,17.8,12.25,7.4,0.25,-4.1,6.04375
56,-110,42,0.1,-10.825,-8.2,-2.8,3.05,8.625,13.65,17.875,16.5,10.8,4.6,-3.525,-9.775,3.33125
57,-113,39,0.1,-3.3,0.4,4.3,8.65,13.725,19.125,23.6,22.3,16.825,10.2,3.175,-2.6,9.7
58,-72,44,0.1,-9.275,-7.925,-2.2,4.625,11.35,16.225,18.775,17.525,13.1,7.175,1.1,-6.175,5.358333333
59,-74,41,0.1,-1.9,-0.675,4.125,10,15.75,20.725,23.525,22.65,18.475,12.375,6.9,0.875,11.06875
60,-114,34,0.1,10.3,13,15.6,19.625,24.4,29.55,33.075,32.05,28.325,22.05,14.95,10.35,21.10625
61,-73,41,0.1,-1.2,-0.366666667,3.733333333,9.1,14.5,19.73333333,22.76666667,22.16666667,18.36666667,12.6,7.166666667,1.433333333,10.83333333
62,-79,36,0.1,3.525,5.05,9.5,14.6,19.125,23.175,25.25,24.625,21.175,15.025,10.075,5.2,14.69375
63,-100,47,0.1,-13.925,-10.5,-3.45,5.4,12.55,17.8,21,19.95,13.65,7.2,-2.575,-11.025,4.672916667
64,-83,40,0.1,-3.05,-1.25,4.475,10.375,16.175,21,23,22.025,18.375,11.95,5.725,-0.2,10.71666667
65,-97,36,0.1,1.925,4.875,9.75,15.725,20.175,24.85,27.825,27.275,22.575,16.5,9.55,3.85,15.40625
66,-120,44,0.1,-3.25,-0.125,2.3,5.325,9.3,13.85,17.4,16.925,12.45,7.575,1.55,-2.7,6.716666667
67,-78,41,0.1,-4.825,-3.675,1.525,7.775,13.375,17.9,20.2,19.275,15.425,9.525,3.925,-2.25,8.18125
68,-72,42,0.1,-4.95,-3.775,1.4,7.325,13.225,18.1,21.025,20,15.65,9.85,4.55,-2.125,8.35625
69,-81,34,0.1,6.625,8.4,12.525,17.15,21.625,25.2,27.05,26.35,23.125,17.225,12.3,8.025,17.13333333
70,-100,44,0.1,-8.625,-5.325,0.475,8.075,14.525,20.15,23.95,22.85,16.775,9.8,0.55,-6.35,8.070833333
71,-86,36,0.1,2.025,4.1,9.05,14.225,18.575,22.85,24.75,24.25,20.85,14.55,9.05,4.2,14.03958333
72,-99,32,0.1,6.025,8.475,13.075,18.125,22,25.725,27.9,27.6,23.925,18.525,12.375,7.35,17.59166667
73,-112,39,0.1,-4.575,-1.95,1.425,5.675,10.55,15.675,19.825,18.675,13.95,8.05,1.275,-3.8,7.064583333
74,-73,44,0.1,-9.175,-8.025,-2.375,4.575,11.4,16.25,18.85,17.525,13.125,7.175,1.175,-6,5.375
75,-78,38,0.1,1.275,2.925,7.7,13.025,17.9,22.2,24.375,23.6,20.05,13.775,8.5,3.35,13.22291667
76,-120,48,0.1,-5.45,-2.025,2.525,7.275,11.875,15.875,19.475,19.225,14.325,7.7,0.425,-4.55,7.222916667
77,-80,38,0.1,-1.875,-0.2,4.725,9.8,14.825,18.675,20.75,20.15,16.7,10.8,5.375,0.175,9.991666667
78,-90,44,0.1,-10.15,-7.4,-0.7,7.3,13.85,18.8,21.475,19.875,15.05,9.05,1.125,-6.925,6.779166667
79,-108,43,0.1,-7.8,-4.325,0.9,6.5,11.9,17.425,21.675,20.5,14.425,7.925,-0.725,-6.7,6.808333333
80,-98,60,0.1,-30.4,-28.15,-22.55,-11.75,-1.85,6.725,12.4,11.075,4.325,-3.625,-16.175,-25.2,-8.764583333
81,-95,40,0.1,-4.75,-1.6,4.775,11.725,17.55,22.625,25.075,23.5,19,12.95,5.25,-2.175,11.16041667
82,-100,45,0.1,-10.8,-7.525,-1.25,6.975,13.575,19.125,22.875,21.7,15.475,8.725,-0.55,-8.35,6.664583333
83,-4.05,51.25,0.1,4.7,4.8,6.4,9.1,12,15.3,16.9,16.7,14.5,11.1,7.7,5.6,10.4
84,-0.416666667,51.73333333,0.1,3,3.4,6,8.5,12,15.1,17.1,16.5,14,10.4,6.3,3.9,9.683333333
85,0.883333333,51.1,0.1,3.9,4.2,6.2,8.6,11.8,15.1,17.1,17,14.8,11.2,7.3,4.8,10.16666667
86,0.433333333,52.23333333,0.1,2.6,3.6,5.8,8.2,11.3,14.6,16.2,15.9,13.7,10.4,6.2,3.8,9.358333333
87,-1.8,55.1,0.1,2.7,2.8,4.9,7,9.7,12.8,14.2,14.1,12.2,9.3,5.7,3.6,8.25
88,-2.933333333,56.33333333,0.1,2.15,2.25,4.65,7.15,9.75,13.3,14.4,13.8,11.65,8.65,4.95,3.1,7.983333333
89,0.85,51.08333333,0.1,3.9,4.2,6.2,8.6,11.8,15.1,17.1,17,14.8,11.2,7.3,4.8,10.16666667
90,-0.35,51.81666667,0.1,3.15,3.5,6.05,8.55,11.95,15.1,17,16.45,14.1,10.5,6.45,4.05,9.7375
91,-2.5,55.11666667,0.1,1.15,1.45,3.65,6.1,9.1,12.3,13.8,13.25,10.95,8.05,4.25,2.15,7.183333333
92,-2.533333333,57.53333333,0.1,2.9,2.8,4.6,6.5,9.3,12.4,13.9,13.6,11.6,9,5.4,3.9,7.991666667
94,-88.3,40.13333333,0.1,-4.1,-1.7,4.2,11,17,22.1,23.9,22.8,19.1,12.6,5.1,-1.4,10.88333333
95,-88.65,39.98333333,0.1,-4.15,-1.65,4.45,11.25,17.2,22.3,24,22.9,19.25,12.75,5.4,-1.35,11.02916667
96,-71.75,44,0.1,-9.85,-8.65,-3.05,3.6,10.35,15.25,17.75,16.45,12.05,6.25,0.2,-6.95,4.45
97,-0.333333333,51.25,0.1,3.25,3.8,5.95,8.55,12,15.15,17.15,16.55,13.95,10.55,6.45,4.2,9.795833333
98,-0.083333333,50.76666667,0.1,3.6,4.1,5.9,8.4,11.8,14.9,16.7,16.4,14.1,10.8,6.9,4.6,9.85
99,-1.533333333,51.41666667,0.1,2.8,3.3,5.6,8.2,11.4,14.6,16.1,15.7,13.5,10.1,6.2,4,9.291666667
100,-0.166666667,51.81666667,0.1,3.45,3.8,6.25,8.8,12.1,15.3,17.15,16.65,14.4,10.75,6.75,4.35,9.979166667
101,-2.866666667,54.9,0.1,2.3,2.9,4.9,7.7,10.8,13.9,15.2,14.6,12.2,9.2,5.2,3,8.491666667
102,-0.066666667,53.36666667,0.1,2.6,3,5.8,8,11,14.3,16.3,16,13.7,10,6.1,3.9,9.225
103,-0.85,53.3,0.1,3.2,3.6,6.1,8.4,11.6,14.8,16.5,16.1,13.8,10.2,6.3,4.1,9.558333333
104,-0.716666667,51.75,0.1,2.5,3.1,5.7,8.4,12.1,14.9,17,16.3,13.6,10.3,5.9,3.5,9.441666667
105,-2.183333333,51.18333333,0.1,3.3,3.55,5.4,7.9,11.2,14.45,16.25,15.75,13.35,10,6.2,4.3,9.304166667
106,13.5,66,0.1,-3.875,-3.825,-2,1.025,5.1,9.15,11.45,11.625,7.8,3.975,-0.3,-2.7,3.11875
107,9,61,0.1,-10.325,-9.425,-5.025,-0.6,5.275,9.825,11.425,10.35,5.925,1.1,-5.125,-8.925,0.372916667
108,13.5,66,0.1,-3.875,-3.825,-2,1.025,5.1,9.15,11.45,11.625,7.8,3.975,-0.3,-2.7,3.11875
109,22.5,70,0.1,-15.225,-14.275,-10.575,-5.625,0.825,6.975,9.725,7.825,3.1,-3.05,-9.5,-13.55,-3.6125
110,-59.16666667,55,0.1,-15.65,-15.025,-10.325,-4.225,1.525,6.825,11.175,11.025,7.125,1.675,-3.675,-10.55,-1.675
111,-60.16666667,55.5,0.1,-16.3,-15.5,-10.55,-4.325,1.675,6.425,10.625,10.85,7.175,1.775,-3.65,-11.25,-1.920833333
112,-65,54,0.1,-22.425,-20.3,-14,-6.025,2,8.875,12.975,11.45,5.95,-0.95,-8.725,-18.95,-4.177083333
113,-61.75,56.5,0.1,-18.95,-17.7,-12.15,-5.45,0.8,5.8,10.3,9.95,6,0.35,-5.6,-13.6,-3.354166667
114,-62,57.5,0.1,-19.1,-18.075,-13.225,-6.55,-0.15,4.875,9.25,8.925,5.075,-0.375,-6.075,-13.8,-4.102083333
115,-65,54,0.1,-22.425,-20.3,-14,-6.025,2,8.875,12.975,11.45,5.95,-0.95,-8.725,-18.95,-4.177083333
116,-62.5,58.08333333,0.1,-19.6,-18.65,-14.2,-7.45,-0.8,4.35,8.7,8.3,4.35,-0.95,-6.55,-14.3,-4.733333333
117,-60.75,55.83333333,0.1,-17.45,-16.45,-11.25,-4.85,1.3,6.15,10.45,10.45,6.65,1.1,-4.55,-12.35,-2.566666667
118,-67,58,0.1,-22.775,-21.925,-17,-8.875,-0.325,6.175,10.425,9.6,4.925,-1.05,-7.9,-17.775,-5.541666667
119,11.5,52.45,0.1,-0.05,0.55,3.65,7.95,12.75,16.15,17.75,17.45,13.85,9.2,4.55,1.2,8.75
121,-110.8333333,43.83333333,0.1,-11.825,-10.2,-7.5,-2.25,3.525,8.175,12.225,11.45,6.75,1.275,-5.95,-11.175,-0.458333333
122,-3.133333333,57.41666667,0.1,1.2,1,3.3,5,8,11.4,12.8,12.5,10.3,7.6,3.8,2.1,6.583333333
123,-2.583333333,51.75,0.1,3.5,3.7,5.5,8.2,11.3,14.5,16.1,15.7,13.3,10,6.3,4.4,9.375
125,-3.133333333,57.41666667,0.1,1.2,1,3.3,5,8,11.4,12.8,12.5,10.3,7.6,3.8,2.1,6.583333333
126,-1.5,54,0.1,3.225,3.35,5.375,7.725,10.825,14.025,15.55,15.3,13.15,10,6.025,4,9.045833333
127,1.333333333,52.75,0.1,3.55,4.35,6.4,9.05,12,15.5,17.25,17.2,15.3,11.15,7.2,4.9,10.32083333
128,1.333333333,52.75,0.1,3.55,4.35,6.4,9.05,12,15.5,17.25,17.2,15.3,11.15,7.2,4.9,10.32083333
129,-0.166666667,51.83333333,0.1,3.25,3.65,6.125,8.675,12.025,15.2,17.1,16.6,14.325,10.65,6.6,4.175,9.864583333
130,-1.5,54,0.1,3.225,3.35,5.375,7.725,10.825,14.025,15.55,15.3,13.15,10,6.025,4,9.045833333
131,-3.5,56.33333333,0.1,1.75,2,4.35,6.65,9.65,13.15,14.4,14,11.35,8.45,4.625,2.75,7.760416667
132,1.333333333,52.16666667,0.1,3.15,3.75,5.8,8.15,11.425,14.6,16.375,16.35,14.45,11.175,7.1,4.775,9.758333333
133,-5.083333333,55.75,0.1,2.9,3,5.1,7.1,10.5,13.6,14.4,14.2,11.7,8.9,5.5,3.9,8.4
134,-3,54.66666667,0.1,1.25,1.675,3.675,6.25,9.4,12.5,13.925,13.4,11.075,8.15,4.15,2.025,7.289583333
135,-2.083333333,57.16666667,0.1,2.7,2.95,4.8,6.65,9.25,12.3,13.85,13.65,11.75,8.95,5.35,3.8,8
136,-4.416666667,55.66666667,0.1,2.15,2.3,4.4,6.55,9.95,12.9,13.9,13.65,11.2,8.6,4.7,3.05,7.779166667
137,-0.166666667,51,0.1,3.525,3.95,5.85,8.425,11.7,14.875,16.725,16.375,13.975,10.75,6.7,4.475,9.777083333
138,-3.5,56.33333333,0.1,1.75,2,4.35,6.65,9.65,13.15,14.4,14,11.35,8.45,4.625,2.75,7.760416667
139,-1.583333333,50.83333333,0.1,4.25,4.5,6.3,8.8,11.95,15.1,16.95,16.6,14.3,11.1,7.25,5.3,10.2
140,-97,27.83333333,0.1,13,14.8,18.4,22.03333333,25.26666667,27.86666667,28.86666667,28.86666667,27.33333333,23.53333333,18.93333333,14.7,21.96666667
141,-110.2833333,44.5,0.1,-11.9,-10.3,-7.45,-2.55,3,7.65,11.65,11.05,6.35,1.2,-6,-10.65,-0.6625
142,-73.2,41.7,0.1,-5.3,-4.2,0.9,7,13.1,17.7,20.4,19.5,15.4,9.6,4.1,-2.6,7.966666667
145,-85.08333333,56.5,NA,NA,NA,NA,NA,NA,NA,NA,NA,NA,NA,NA,NA,NA
146,-109.1666667,31.83333333,0.1,4.5,6.3,8.775,12.725,16.95,21.675,22.875,21.55,19.175,14.225,8.55,4.875,13.51458333
148,-2.5,51.5,0.1,3.6,3.9,5.625,8.225,11.45,14.675,16.4,15.925,13.475,10.15,6.375,4.55,9.529166667
149,-2.5,53.5,0.1,3.475,3.625,5.75,8,11.4,14.475,15.9,15.6,13.375,10.1,6.4,4.475,9.38125
150,21.8,54.6,0.1,-5,-4.1,0.8,7.2,12.7,15.9,17.4,17,13.1,8.3,2.5,-2.2,6.966666667
151,8.216666667,53.13333333,0.1,0.8,0.9,3.9,7.7,12,15.4,16.6,16.4,13.8,9.8,5.1,2.3,8.725
152,-92.5,46.75,0.1,-13.95,-10.6,-4.1,3.95,10.5,15.55,18.75,17.6,12.45,6.55,-2.3,-10.6,3.65
153,1.083333333,51.63333333,0.5,3.466666667,3.933333333,6.02962963,8.403703704,11.58148148,14.86666667,16.83333333,16.70740741,14.62222222,11.08518519,7.081481481,4.688888889,9.941666667
154,140,65,0.1,-46.725,-43.175,-32.65,-17.65,-2.875,7,9.6,6.65,-0.95,-17.375,-36.875,-45,-18.33541667
156,-4.666666667,51.16666667,0.1,4.9,5.2,6.6,8.85,11.95,14.85,16.45,16.7,14.6,11.85,7.95,5.85,10.47916667
157,-5.333333333,51.66666667,0.1,4.3,4.5,5.8,8.4,10.9,14.6,16.4,16.3,13.5,10.7,7.3,5.5,9.85
158,-10.5,51.75,0.1,6.7,6.7,7.5,8.6,10.7,13,14.6,14.7,13.3,11.4,8.6,7.4,10.26666667
159,-10.33333333,51.5,0.1,7,6.9,7.8,9,11,13.4,15,15.1,13.7,11.7,8.9,7.7,10.6
160,-2.633333333,56.08333333,0.1,2.5,2.6,5.2,7.6,10.2,13.5,14.8,14.2,12,9.1,5.5,3.6,8.4
161,-5.133333333,55.25,0.1,3.2,3.1,5.2,7.2,10.5,13.6,14.4,14.3,11.9,9.2,5.7,4.3,8.55
162,-8.5,57.83333333,0.1,3.95,3.65,4.8,6.5,9,11.55,12.65,12.7,10.75,8.8,5.8,4.4,7.879166667
163,-6.25,59.16666667,0.5,4.4,4.3,5,6.3,8.9,11.5,12.6,13,11.2,9.2,6,4.9,8.108333333
164,-4.5,59,0.5,3.516666667,3.216666667,4.616666667,5.833333333,8.916666667,11.95,13.08333333,13.38333333,11.15,8.716666667,5.616666667,4.166666667,7.847222222
165,-7.583333333,62.08333333,0.1,3,2.8,3.3,4.6,6.7,8.9,10.2,10.5,8.9,7.1,4.4,3.2,6.133333333
166,-20.16666667,63.41666667,0.1,1.8,2.1,2.1,3.9,6.5,8.7,10.3,10.3,8.1,5.4,2.9,1.9,5.333333333
167,-22.96666667,63.73333333,0.5,0.35,0.616666667,1.1,3.25,6.466666667,9.016666667,10.8,10.51666667,7.983333333,5.1,2.216666667,0.65,4.838888889
168,-18,66.55,0.1,-1.7,-1.55,-1.8,-0.2,2.85,5.8,7.5,7.6,5.55,3.1,0.35,-1.25,2.1875
169,-61.08333333,47.83333333,0.5,-6.025,-6.925,-3.375,1.3,6.2,11.7,16.525,16.625,12.675,7.35,2.75,-2.625,4.68125
170,-64.16666667,48.5,0.1,-10.125,-9.25,-4.55,1.025,7.15,12.725,16.75,15.925,11.4,5.9,0.55,-6.525,3.414583333
171,-54.25,46.83333333,0.1,-2.45,-3.05,-1.15,2.4,5.7,9.3,13.5,15.05,12.35,8.05,4.3,0,5.333333333
172,-4.916666667,55.75,0.1,2.7,2.8,4.8,7,10.4,13.4,14.3,14.1,11.5,8.8,5.2,3.6,8.216666667
173,-1.25,60.25,0.1,3,2.8,3.6,4.9,7.5,9.9,11.3,11.6,9.8,7.8,4.9,3.7,6.733333333
174,-7,58,0.1,3.125,2.875,4.1,5.775,8.55,11.225,12.4,12.275,10.3,8.125,4.9,3.775,7.285416667
175,-94,58,0.1,-27.675,-25.3,-19.35,-8.875,0,7.275,12.625,11.75,5.55,-1.55,-12.85,-23,-6.783333333
176,9.833333333,46.58333333,0.1,-7.05,-7.1,-5.35,-2.75,1.55,4.95,7.35,7.05,5.2,1.9,-2.95,-5.7,-0.241666667
177,7.5,48.5,0.1,0.625,1.975,5.45,9.15,13.2,16.5,18.55,18.05,15.1,10.125,4.925,1.7,9.6125
178,-1.166666667,52.75,0.1,2.8,3.4,5.95,8.45,11.85,14.95,16.8,16.25,13.75,10.1,5.95,3.95,9.516666667
179,-0.5,53.33333333,0.1,3.15,3.5,5.975,8.225,11.275,14.45,16.3,16.025,13.875,10.25,6.3,4.225,9.4625
180,-2.5,50.75,0.1,3.5,3.55,5.05,7.5,10.8,14.3,16.3,15.75,13.25,10,6.35,4.4,9.229166667
181,-0.5,51,0.1,3.2,3.975,6,8.775,12.05,15.2,17,16.475,13.875,10.675,6.55,4.225,9.833333333
182,-1,51.83333333,0.1,3.05,3.5,6.025,8.625,12.075,14.9,16.8,16.275,13.9,10.625,6.4,4.175,9.695833333
183,-1.333333333,54.5,0.1,3.025,3.225,5.275,7.425,10.35,13.5,15.125,14.875,12.875,9.6,6,3.975,8.770833333
184,-1,51.5,0.1,2.825,3.425,5.975,8.675,12.375,15.025,16.825,16.225,13.675,10.8,6.3,3.85,9.664583333
185,-1.333333333,51.91666667,0.1,2.95,3.4,5.75,8.4,11.55,14.5,16.2,15.85,13.65,10.3,6.35,4.3,9.433333333
186,-2.666666667,52.66666667,0.1,2.175,2.925,5.2,7.675,10.8,13.925,15.325,14.85,12.525,9.3,5.4,3.4,8.625
187,-2.166666667,53.5,0.1,3.55,3.825,5.7,8.15,11.825,15.025,16.6,16.225,13.525,10.125,6.3,4.375,9.602083333
337,21,63,0.1,-7.5,-7.866666667,-3.8,1.966666667,8.233333333,13.76666667,15.96666667,14.46666667,9.566666667,4.333333333,-1.133333333,-5.133333333,3.572222222
338,-112.95,37.33333333,0.1,-1.6,0.3,2.7,6.8,11.7,16.9,20.6,19.45,15.45,9.9,3.35,-0.95,8.716666667
339,-112.95,37.33333333,0.1,-1.6,0.3,2.7,6.8,11.7,16.9,20.6,19.45,15.45,9.9,3.35,-0.95,8.716666667
340,-0.833333333,52.33333333,0.1,2.65,3.3,5.925,8.5,11.775,14.875,16.775,16.25,13.825,10.225,6,3.95,9.504166667
341,169.3666667,-45.18333333,0.1,15.8,15.8,13.7,10.4,6.6,3.1,3,5,8,10.3,12.5,14.6,9.9
342,-2.666666667,51.33333333,0.1,3.275,3.675,5.35,7.975,11.275,14.6,16.3,15.8,13.175,9.75,6.075,4.225,9.289583333
343,5.833333333,52.16666667,0.1,1.625,2.1,4.875,7.65,12.075,15.075,16.475,16.425,14.125,10.35,5.7,2.875,9.1125
344,-122,36.75,0.5,9.2,10.24736842,10.65789474,12.02631579,13.94210526,16.09473684,17.53157895,17.72631579,17.41052632,15.31052632,11.84736842,9.473684211,13.45570175
345,-123.0333333,38.33333333,0.1,8.35,9.75,10.3,11.6,13.45,15.5,16.5,16.75,16.7,14.6,11,8.35,12.7375
346,-123.8333333,39.5,0.1,7.1,8,9.05,10.15,11.95,14.5,15.65,15.9,14.95,12.7,9.7,7.25,11.40833333
347,-124,40.83333333,0.1,6.825,7.875,8.35,9.575,11.775,14.175,15.8,16.25,15.15,12.475,9.1,6.875,11.18541667
348,-124.3333333,42.5,0.1,6.3,7.025,7.2,8.125,10.45,13.1,14.95,15.25,14.1,11.5,8.35,6.4,10.22916667
349,-124.1666667,43.66666667,0.1,6.7,7.9,8.3,9.4,11.575,13.975,15.425,15.825,15.1,12.325,9.075,7,11.05
350,-123.9166667,44.66666667,0.1,5.65,6.95,7.65,8.75,11.15,13.65,15.35,15.7,14.6,11.65,8.15,5.8,10.42083333
351,-123.6666667,45.5,0.1,3.675,4.9,5.45,6.775,9.45,12.25,14.25,14.65,13.2,9.8,6.025,3.875,8.691666667
352,-123.9166667,46.25,0.1,5,6.2,6.8,8.3,10.8,13.1,14.8,15.1,14,10.9,7.6,5.5,9.841666667
353,-124,46.91666667,0.1,4.7,6.1,6.8,8.45,11,13.15,14.7,15.1,14.25,10.9,7.4,5.1,9.804166667
354,-124,42.5,0.1,4.025,5.125,5.625,7,9.9,13.15,15.75,15.875,13.8,10.425,6.3,4.1,9.25625
355,8.183333333,47.38333333,0.1,0.1,1.6,4.9,8.5,12.7,16,18.1,17.4,14.6,10,4.6,1.2,9.141666667
356,-1.883333333,50.91666667,0.1,3.7,3.9,5.8,8.2,11.3,14.6,16.4,16,13.7,10.4,6.7,4.8,9.625
357,-3.666666667,57.08333333,0.1,-2.2,-1.95,0.85,2.15,5.4,9.8,11.7,11.1,7.75,4.75,1.35,-1.05,4.1375
358,-3.25,56.91666667,0.1,-1.4,-1.4,1.1,2.9,6,9.7,11.2,10.6,8.3,5.4,1.7,-0.3,4.483333333
359,-3.416666667,56.83333333,0.1,-0.65,-0.6,2,3.85,6.95,10.8,12.2,11.65,9.15,6.2,2.5,0.45,5.375
360,-1.583333333,55.58333333,0.1,3.3,3.2,5.7,7.3,10.1,12.8,14.3,14.3,12.2,9.7,6.2,4.3,8.616666667
361,-1.583333333,55.58333333,0.1,3.3,3.2,5.7,7.3,10.1,12.8,14.3,14.3,12.2,9.7,6.2,4.3,8.616666667
362,-77,57.83333333,0.1,-24.275,-24.575,-19.425,-9.925,-1.125,4.725,9.275,9.125,5.325,-0.05,-7.1,-17.6,-6.302083333
363,-2.333333333,51.83333333,0.1,3.825,4.075,5.85,8.425,11.55,14.675,16.275,15.95,13.725,10.575,6.625,4.775,9.69375
364,-129.3333333,54.5,0.1,-4.675,-3.2,-1.5,1.25,5.25,8.925,11.675,11.7,8.2,3.6,-1.7,-4.1,2.952083333
366,-0.166666667,51.5,0.1,4.225,4.575,6.725,9.25,12.65,15.95,17.85,17.325,14.85,11.2,7.25,5.125,10.58125
367,-1.5,54,0.1,3.225,3.35,5.375,7.725,10.825,14.025,15.55,15.3,13.15,10,6.025,4,9.045833333
368,-120.8333333,36.66666667,0.1,6.875,8.725,10.025,12.475,16.375,20.475,23.925,23.35,20.525,16.225,10.4,6.925,14.69166667
369,-99.25,47.13333333,0.1,-14,-10.4,-3.8,5.2,12.5,17.8,21,19.9,13.6,7.2,-2.5,-11,4.625
370,-98.41666667,46.41666667,0.1,-13.5,-10,-2.9,5.9,13,18.3,21.4,20.2,14,7.4,-2.3,-10.5,5.083333333
371,-119.5,46.41666667,0.1,-0.3,3.05,6.8,10.5,14.85,19.05,22.15,21.8,17.15,10.85,4.5,0.05,10.87083333
373,-76.16666667,39.5,0.1,-0.425,1.05,5.925,11.45,17.075,21.85,24.275,23.525,19.8,13.425,7.8,2.2,12.32916667
374,-89,40,0.1,-4.075,-1.425,4.575,11.375,17.225,22.3,24.1,22.975,19.25,12.85,5.45,-1.15,11.12083333
376,-89,38,0.1,-1.1,1.425,7,13.2,18.225,22.975,25.15,24,20.225,13.95,7.4,1.375,12.81875
377,-0.916666667,51.66666667,0.1,2.75,3.25,5.9,8.55,12.25,14.95,16.9,16.25,13.65,10.6,6.15,3.7,9.575
378,-0.916666667,51.66666667,0.1,2.75,3.25,5.9,8.55,12.25,14.95,16.9,16.25,13.65,10.6,6.15,3.7,9.575
379,-0.233333333,52.4,0.1,2.8,4,6.1,8.7,11.9,15.2,16.6,16.2,14.2,10.7,6.3,4.1,9.733333333
380,-2.75,51.6,0.1,3.7,4.1,5.8,8.5,11.8,15,16.6,16.1,13.7,10.2,6.5,4.7,9.725
381,1.333333333,52.66666667,0.1,3.45,4.2,6.25,8.85,11.875,15.275,17,16.95,15.075,11.125,7.125,4.825,10.16666667
382,-0.833333333,51.6,0.1,2.6,3.2,5.9,8.65,12.5,15.1,17.05,16.4,13.6,10.65,6.05,3.55,9.604166667
383,-0.333333333,52.58333333,0.1,2.65,3.8,6.2,8.75,12,15.2,16.8,16.4,14.1,10.55,6.1,4.15,9.725
384,0.416666667,52.25,0.1,2.6,3.6,5.8,8.2,11.3,14.6,16.2,15.9,13.7,10.4,6.2,3.8,9.358333333
385,-4.05,52.5,0.1,4.1,3.9,5.85,7.95,10.95,13.65,14.7,14.75,13,10.35,6.9,5.1,9.266666667
386,-2.716666667,51.05,0.1,3.4,3.9,5.6,8.1,11.4,14.8,16.6,16,13.2,9.8,6.2,4.3,9.441666667
387,-1.666666667,51.93333333,0.1,2.55,3.25,5.2,8,11.05,14.15,15.75,15.45,13.2,10.05,6.1,3.95,9.058333333
388,0.333333333,53.13333333,0.1,2.85,3.65,6.15,8.55,11.6,14.85,16.6,16.3,14.15,10.55,6.45,4.2,9.658333333
389,-0.7,51.61666667,0.1,2.6,3.3,6,8.8,12.7,15.3,17.3,16.6,13.7,10.7,6.1,3.6,9.725
390,0.866666667,51.06666667,0.1,3.9,4.2,6.2,8.6,11.8,15.1,17.1,17,14.8,11.2,7.3,4.8,10.16666667
391,-0.216666667,52.48333333,0.1,2.75,3.95,6.15,8.75,11.95,15.2,16.7,16.3,14.2,10.65,6.25,4.15,9.75
392,-0.833333333,50.83333333,0.1,3.45,4.225,6.175,9.1,12.275,15.4,17.125,16.7,14.1,10.775,6.85,4.5,10.05625
393,0.65,51.53333333,0.1,3.4,4,6.2,8.7,11.8,15.3,17.1,16.7,14.6,10.7,6.9,4.5,9.991666667
394,-2.75,54.16666667,0.1,2.4,2.8,5,7.5,10.75,13.8,15.1,14.7,12.45,9.5,5.5,3.15,8.554166667
395,-1.75,55.66666667,0.1,3,3.05,5.5,7.15,10.05,12.85,14.3,14.15,12,9.55,5.95,4.05,8.466666667
396,-3.666666667,57.26666667,0.1,-0.5,0,3.15,4.15,7.3,12.1,14.35,13.65,9.7,6.65,3.4,0.7,6.220833333
397,-0.233333333,52.4,0.1,2.8,4,6.1,8.7,11.9,15.2,16.6,16.2,14.2,10.7,6.3,4.1,9.733333333
398,-2.566666667,51.76666667,0.1,3.5,3.7,5.5,8.2,11.3,14.5,16.1,15.7,13.3,10,6.3,4.4,9.375
399,-1.183333333,50.88333333,0.1,3.8,4.3,6.25,9.1,12.25,15.4,17.05,16.75,14.3,10.95,7.05,4.8,10.16666667
400,-4.166666667,51.58333333,0.1,4.6,4.7,6.55,9.25,12.4,15.55,16.9,16.8,14.45,11.15,7.7,5.7,10.47916667
401,-0.35,52.05,0.1,3.15,3.75,6.2,8.8,12.15,15.25,17.1,16.65,14.35,10.75,6.55,4.2,9.908333333
402,-2.466666667,50.6,0.1,4.4,4.2,5.6,8,11.3,14.8,16.7,16.3,14.1,10.9,7.3,5.2,9.9
403,-2.433333333,53.33333333,0.1,3.75,3.95,6.1,8.35,11.7,14.75,16.25,15.95,13.65,10.4,6.65,4.8,9.691666667
404,0.166666667,53.46666667,0.1,2.9,3.55,6.25,8.5,11.4,14.65,16.5,16.35,14.15,10.45,6.5,4.3,9.625
405,-5.3,51.75,0.1,4.3,4.5,5.8,8.4,10.9,14.6,16.4,16.3,13.5,10.7,7.3,5.5,9.85
406,-1.966666667,50.65,0.1,4.4,4.4,5.9,8.2,11.3,14.6,16.5,16.2,14,11,7.3,5.3,9.925
407,-1.95,50.66666667,0.1,4.3,4.35,5.95,8.25,11.35,14.6,16.5,16.15,13.95,10.95,7.2,5.25,9.9
408,1.65,52.31666667,0.1,3.3,3.8,5.7,8.1,11.4,14.4,16.2,16.2,14.5,11.4,7.3,4.9,9.766666667
409,-1.116666667,51.76666667,0.1,3.3,3.7,6.1,8.7,12.1,14.9,16.7,16.3,14,10.7,6.6,4.4,9.791666667
410,-0.066666667,52.36666667,0.1,2.8,3.9,6.2,8.7,12,15.2,16.9,16.5,14.3,10.8,6.3,4.1,9.808333333
411,-0.183333333,52.43333333,0.1,2.8,3.95,6.15,8.7,11.95,15.2,16.75,16.35,14.25,10.75,6.3,4.1,9.770833333
412,0.966666667,51.16666667,0.1,3.75,4.05,6.05,8.5,11.65,15,17,16.85,14.7,11,7.15,4.65,10.02916667
413,-3.666666667,50.58333333,0.1,3.7,4.2,5.5,8.15,10.95,14.25,16,15.4,13.1,10.15,6.6,4.7,9.391666667
414,-5.35,36.15,0.1,12,12.4,14,15.5,17.6,20.4,22.9,23.5,21.6,18.6,15.1,12.9,17.20833333
415,-5.333333333,36.16666667,0.1,12.13333333,12.53333333,14.03333333,15.56666667,17.83333333,20.6,23.13333333,23.73333333,21.86666667,18.7,15.13333333,12.96666667,17.35277778
416,-2.916666667,54.33333333,0.1,1.75,2.25,4.35,6.85,10.1,13.2,14.6,14.1,11.75,8.9,4.85,2.55,7.9375
417,135.8333333,35,0.1,3.1,3.575,6.45,12.375,17.225,21.275,25.625,26.825,22.575,16.275,10.725,5.75,14.31458333
418,78.03333333,27.91666667,0.1,14.6,17.4,22.8,28.9,33.7,34.2,30.7,29.4,29,26,20.5,16,25.26666667
419,131,32,0.1,3.75,4.925,8.25,13.075,17.05,20.525,24.45,24.775,21.85,16.15,11.025,6.025,14.32083333
423,-2.333333333,57.5,0.1,2.8,2.825,4.625,6.475,9.225,12.275,13.95,13.575,11.525,8.95,5.375,3.825,7.952083333
424,-2.25,57.33333333,0.1,2.7,2.8,4.6,6.5,9.15,12.25,13.85,13.6,11.55,8.9,5.25,3.75,7.908333333
1020,-1.8,51.28333333,0.1,3,3.4,5.7,8.3,11.5,14.8,16.5,16,13.6,10,6.3,4.3,9.45
1023,-78.66666667,35.75,0.1,4.3,5.8,10.25,15.3,19.7,23.75,25.7,25.15,21.75,15.6,10.75,6,15.3375
1024,-4.75,54.06666667,0.1,3.1,3.1,4.6,6.5,9.7,12.7,14,13.7,11.6,9.2,5.7,4.2,8.175
1025,35.53333333,-3.183333333,0.1,18.4,18.7,18.9,18.5,16.7,15.6,14.6,15.5,17,18,18.4,18.5,17.4
1026,35,-1.5,0.1,20.625,20.875,21.025,20.55,19.875,19.175,18.7,18.975,19.625,20.275,20.175,20.1,19.99791667
1028,-89.41666667,43.03333333,0.1,-8.6,-6,0.4,7.9,14.3,19.5,21.9,20.6,16,9.8,2.2,-5.4,7.716666667
1029,-89.41666667,43.03333333,0.1,-8.6,-6,0.4,7.9,14.3,19.5,21.9,20.6,16,9.8,2.2,-5.4,7.716666667
1030,-89.41666667,43.03333333,0.1,-8.6,-6,0.4,7.9,14.3,19.5,21.9,20.6,16,9.8,2.2,-5.4,7.716666667
1031,-89.41666667,43.03333333,0.1,-8.6,-6,0.4,7.9,14.3,19.5,21.9,20.6,16,9.8,2.2,-5.4,7.716666667
1041,-2.916666667,54.33333333,0.1,1.75,2.25,4.35,6.85,10.1,13.2,14.6,14.1,11.75,8.9,4.85,2.55,7.9375
1042,-2.916666667,54.33333333,0.1,1.75,2.25,4.35,6.85,10.1,13.2,14.6,14.1,11.75,8.9,4.85,2.55,7.9375
1043,-2.916666667,54.33333333,0.1,1.75,2.25,4.35,6.85,10.1,13.2,14.6,14.1,11.75,8.9,4.85,2.55,7.9375
2000,9.833333333,46.5,0.1,-7.4,-7.525,-5.9,-3.35,0.925,4.375,6.8,6.525,4.675,1.425,-3.375,-6.025,-0.7375
2001,-95.25,47.16666667,0.1,-15.85,-11.8,-5,4.05,11.4,16.7,19.3,18.2,12.3,6.15,-3.55,-11.9,3.333333333
2002,9.216666667,48.78333333,0.1,-0.1,1.4,4.9,8.7,12.9,16.1,17.9,17.4,14.5,9.7,4.4,1.1,9.075
2003,6.6,46.96666667,0.1,-2.7,-1.7,1.6,4.9,9,12.4,14.5,14.1,11.5,6.9,1.9,-1.5,5.908333333
2004,15,10,0.1,25.925,27.975,31.3,32.1,30.125,28.025,26.4,25.8,26.2,27.925,28.2,26.375,28.02916667
2005,6.516666667,46.81666667,0.1,-0.5,1,4.4,8,12,15.5,17.6,17,14.3,9.3,4.3,0.6,8.625
2006,6.216666667,46.58333333,0.1,-3,-2.1,1.2,4.6,8.6,12.1,14.3,13.8,11.3,6.6,1.7,-1.8,5.608333333
2007,6.333333333,46.66666667,0.1,-2.125,-1.025,2.275,5.725,9.75,13.275,15.45,14.9,12.3,7.575,2.575,-0.975,6.641666667
2008,6.6,46.98333333,0.1,-2.35,-1.3,2.05,5.4,9.45,12.9,14.95,14.55,11.95,7.25,2.25,-1.15,6.329166667
2009,7.066666667,46.61666667,0.1,-2.8,-1.7,1.5,4.9,9.1,12.6,14.7,14.1,11.6,7,2,-1.4,5.966666667
2010,7.133333333,46.46666667,0.1,-3.9,-3.1,-0.1,3.2,7.4,10.9,13.2,12.6,10.2,5.7,0.7,-2.5,4.525
2011,7.2,46.48333333,0.1,-4.5,-3.8,-1.05,2.15,6.45,9.85,12.25,11.7,9.3,5,0.05,-3.05,3.695833333
2012,7.716666667,47.4,0.1,-0.4,0.8,3.9,7.3,11.5,14.8,17,16.4,13.7,9.1,3.9,0.7,8.225
2013,7.716666667,47.41666667,0.1,-0.4,0.8,3.9,7.3,11.5,14.8,17,16.4,13.7,9.1,3.9,0.7,8.225
2014,92.21666667,58.45,0.1,-21.3,-19.6,-10.2,-0.7,7.7,15.3,18.4,15,8.6,-0.2,-11.6,-19,-1.466666667
2015,92.21666667,58.45,0.1,-21.3,-19.6,-10.2,-0.7,7.7,15.3,18.4,15,8.6,-0.2,-11.6,-19,-1.466666667
2016,22.25,60.45,0.1,-5.1,-5.7,-2,3.7,9.8,14.8,16.9,15.6,10.8,5.8,0.7,-3,5.191666667
2017,25.5,60.75,0.1,-7.25,-7.4,-3.1,2.95,9.7,14.75,16.55,14.95,9.75,4.85,-0.45,-4.7,4.216666667
2018,-160,55,0.1,-2.366666667,-2.933333333,-1.133333333,0.933333333,4.466666667,7.8,10.46666667,11.2,8.933333333,4.233333333,1.166666667,-1.066666667,3.475
2019,-122,38,0.1,8.125,10.475,11.725,13.725,16.35,19.075,20.775,20.775,20.125,17.175,12.125,8.425,14.90625
2020,-0.25,46.25,0.1,4.5,5.3,8.5,10.9,14.1,17.5,19.3,19.2,16.8,12.4,8,5.2,11.80833333
2021,-4.5,57.5,0.1,1.05,1.25,3.775,5.4,8.85,12.65,14,13.65,10.4,7.725,4.15,2.1,7.083333333
2022,-4,55.5,0.1,1.35,1.45,3.475,5.625,8.9,11.975,13.2,12.975,10.55,7.9,3.9,2.225,6.960416667
2023,28.41666667,64.15,0.1,-11.8,-11.5,-6.2,0,7.1,13.3,15.6,13.2,7.8,2.2,-4,-9.2,1.375
2024,-89.71666667,43.31666667,0.1,-9.1,-6.3,0.2,7.9,14.3,19.5,22,20.5,15.9,9.7,2,-5.9,7.558333333
2026,37.41666667,54.88333333,0.1,-9.4,-8.3,-3,6.1,13.2,17,18.5,17,11.5,5.2,-1.5,-6.1,5.016666667
2027,50,55,0.1,-13.25,-12.1,-5.525,5.25,13.7,17.925,19.825,17.65,11.725,3.75,-3.975,-9.625,3.779166667
2029,-40,73,0.1,-31.75,-32.65,-33.55,-26.7,-16.4,-9.95,-6.65,-8.65,-15.8,-22.575,-28.475,-31.05,-22.01666667
2030,24.91666667,67.4,0.1,-14.6,-14.2,-9.1,-2.5,4.5,11.5,13.9,11.8,6.3,-0.1,-7,-12.6,-1.008333333
2031,26,68,0.1,-15.85,-15.3,-10,-3.55,3.65,10.45,13.1,10.75,5.35,-1.25,-8.175,-13.925,-2.0625
2032,28,69.75,0.1,-10.2,-10.55,-7.75,-3,2.3,7.4,10.6,9.5,5.25,-0.05,-4.55,-8.7,-0.8125
2034,36.83333333,55.66666667,0.1,-9.475,-8.425,-3.175,5.4,12.35,16.45,18.025,16.35,10.85,4.75,-1.75,-6.3,4.5875
2035,30,63,0.1,-11.575,-11.4,-5.875,0.475,7.475,13.7,16.05,13.85,8.325,2.675,-3.35,-8.6,1.8125
2036,33.01666667,67.91666667,0.1,-12.85,-12.85,-7.95,-2.75,3.1,9.4,12.75,10.95,5.9,0.05,-6,-10.5,-0.895833333
2037,12,49,0.1,-2.25,-0.7,3.6,8.05,12.5,15.85,17.575,17.1,13.875,8.525,3.025,-0.7,8.0375
2038,8,48,0.1,-0.875,0.2,3.225,6.75,10.925,14.2,16.375,15.875,13.225,8.725,3.5,0.3,7.702083333
2039,16.66666667,62.85,0.1,-10.2,-8.9,-4.2,0.95,6.95,12.4,14.3,12.85,8.25,3.4,-3.25,-7.85,2.058333333
2040,9.216666667,63.06666667,0.1,-4.3,-4.2,-1.7,1.7,6.6,10,11.7,11.5,8,4,-0.7,-3.2,3.283333333
2041,18.35,51.01666667,0.1,-2.7,-1.5,2.95,8.3,13.1,16.6,17.95,17.55,13.8,9.15,3.75,-0.45,8.208333333
2042,18.2,52.2,0.1,-3.4,-2.3,3,8.9,13.6,17.1,18.8,18.3,14.3,9.4,3.6,-0.9,8.366666667
2043,16.16666667,54.16666667,0.1,-2.1,-1.4,2.65,7.275,12.3,15.7,17.3,16.975,13.75,9.425,4.15,0.175,8.016666667
2044,15.75,50.91666667,0.1,-5.3,-3.4,1.9,7.3,11.2,14.7,16.5,15.9,12.7,8.3,2.5,-2.6,6.641666667
2045,16.16666667,51.2,0.1,-3.7,-2.35,3.65,9.15,13.25,16.75,18.85,18.25,14.45,9.45,3.7,-0.8,8.3875
2046,16.58333333,51.85,0.1,-3.6,-1.8,3.5,8.7,13.1,16.5,18.3,17.9,14.1,9.5,3.8,-0.9,8.258333333
2047,17.93333333,50.66666667,0.1,-2,-0.65,3.15,8.2,13,16.7,17.85,17.4,13.7,9.1,4.1,0.1,8.3875
2048,16.73333333,53.15,0.1,-4,-2.6,2.9,8.1,13,16,18.2,17.4,13.1,8.4,2.8,-1.4,7.658333333
2049,16.88333333,52.41666667,0.1,-2.6,-1.2,3.1,8.1,13.2,16.6,18,17.7,13.8,9.1,3.6,-0.4,8.25
2050,14.53333333,53.41666667,0.1,-1.6,-0.7,3.4,8,13,16.4,17.9,17.5,14.1,9.5,4.3,0.5,8.525
2051,16.31666667,50.8,0.1,-4.9,-3.4,1.2,6.1,10.4,13.7,15.3,15,11.8,7.5,1.9,-2.6,6
2052,17,51.08333333,0.1,-2.15,-0.6,3.5,8.3,13,16.45,17.7,17.4,14,9.35,3.95,-0.15,8.395833333
2053,-89.2,37.71666667,0.1,-0.9,1.7,7.3,13.5,18.5,23.2,25.3,24.2,20.4,14.1,7.6,1.6,13.04166667
2054,-78.6,45.56666667,0.1,-12.5,-11.2,-5.3,3.2,10.1,15.1,17.8,16.4,12.1,6.2,-0.7,-9.2,3.5
2055,16.5,61.5,0.1,-8.05,-7.325,-2.825,2.325,8.275,13.55,15.3,13.95,9.45,4.55,-1.5,-5.85,3.4875
2056,0.75,51.2,0.1,3.4,3.7,5.8,8.3,11.5,14.8,16.8,16.6,14.4,10.6,6.8,4.3,9.75
2057,-4.133333333,53.21666667,0.1,3.6,3.7,5.4,7.5,10.6,13.4,15.1,14.9,12.7,10.1,6.4,4.7,9.008333333
2058,0.116666667,53.5,0.1,3.05,3.5,6.25,8.4,11.35,14.55,16.45,16.25,14.15,10.5,6.55,4.4,9.616666667
2059,-1.083333333,51.33333333,0.1,2.9,3.55,6,8.65,12.15,14.95,16.6,16,13.7,10.75,6.35,4,9.633333333
2060,16.66666667,49.2,0.1,-2.8,-0.65,3.35,8.2,13,16.05,17.7,17.5,13.95,8.9,3.3,-0.9,8.133333333
2061,14.5,49,0.1,-2.275,-1.275,3.25,7.725,12.6,15.75,17.525,17.1,13.325,8.1,2.725,-0.45,7.841666667
2062,35,65,0.1,-11.7,-11.3,-6.55,-1,4.95,11.15,14.2,12.8,8.1,2.25,-3.4,-8.4,0.925
2063,47.86666667,56.63333333,0.1,-13,-11.5,-5,4.6,12.7,17,19,16.9,10.8,3.3,-4.1,-9.5,3.433333333
2064,53.18333333,56.81666667,0.1,-14,-12.4,-5.7,3.9,12,16.7,19,16.4,10.4,2.5,-4.9,-10.8,2.758333333
2065,130,62,0.1,-41.175,-35.6,-21.975,-6.525,6.35,15.35,18.625,14.65,5.85,-8.6,-29.4,-39.125,-10.13125
2066,-93,42,0.1,-8.425,-5.525,1.4,8.975,15.375,20.65,23,21.325,16.725,10.425,2.5,-5.6,8.402083333
2067,25,61,0.1,-7.575,-7.8,-3.475,2.55,9.225,14.275,16.175,14.6,9.425,4.425,-0.85,-5.05,3.827083333
2068,22.78333333,68.55,0.1,-16.5,-15.3,-10.6,-4.6,2.7,9.7,12.2,9.8,4.4,-2.3,-9.6,-14.4,-2.875
2069,8,53,0.1,0.675,0.725,3.875,7.725,11.925,15.275,16.425,16.175,13.8,9.85,5.125,2.275,8.654166667
2070,5.666666667,51.96666667,0.1,1.9,2.4,5.15,8.15,12.4,15.4,16.85,16.8,14.35,10.55,5.85,3.05,9.404166667
2071,-98,50,0.1,-18.325,-14.7,-7.35,3.375,11.225,16.775,19.55,18.15,12.25,6,-4.525,-14,2.36875
2072,143,43.5,0.1,-13.725,-13.05,-8.375,-0.125,5.8,10.625,15.225,16.2,10.8,4.225,-2.825,-9.275,1.291666667
2073,143,43.5,0.1,-13.725,-13.05,-8.375,-0.125,5.8,10.625,15.225,16.2,10.8,4.225,-2.825,-9.275,1.291666667
2074,14.41666667,50.08333333,0.1,-1.3,0.1,4.1,8.4,13.6,16.5,18.3,18.1,14,8.9,3.4,0.3,8.7
2075,-107,50,0.1,-13.375,-9.825,-4.15,4.725,11.4,16.25,19.225,18.225,11.85,6.05,-3.65,-10.225,3.875
2076,-107,54,0.1,-19.325,-15.8,-9.375,2.025,9.975,14.7,16.9,15.175,9.5,3.575,-8,-15.55,0.316666667
2077,-107,57,0.1,-22.825,-18.75,-12.15,-0.8,7.15,13.2,15.8,14.1,7.75,1.225,-10.7,-20.2,-2.183333333
2079,-21,65,0.1,-2.575,-2.15,-1.95,0.45,4,6.975,8.8,8.575,5.575,2.275,-0.825,-2.325,2.235416667
2080,-4,56.83333333,0.1,-1.2,-0.775,2.175,3.6,6.925,11.325,13.225,12.6,8.925,5.9,2.5,0,5.433333333
2081,-1.5,53,0.1,3.025,3.425,5.725,8.125,11.525,14.775,16.4,15.9,13.525,10.075,5.975,4.025,9.375
2082,-4,56,0.1,2.15,2.3,4.45,6.6,9.8,13.025,14.25,13.925,11.375,8.7,4.75,3,7.860416667
2083,7.533333333,47.21666667,0.1,-0.6,0.5,3.6,7.1,11.2,14.6,16.7,16.2,13.5,8.9,3.6,0.4,7.975
2084,33.01666667,67.91666667,0.1,-12.85,-12.85,-7.95,-2.75,3.1,9.4,12.75,10.95,5.9,0.05,-6,-10.5,-0.895833333
2085,11,51,0.1,-0.65,-0.275,3.45,7.6,12.25,15.475,17.175,16.75,13.4,8.75,3.875,0.85,8.220833333
10000,-69.45,44.16666667,0.1,-6.35,-5.3,0,6.05,12.2,17.3,20.35,19.5,15.05,9.25,3.55,-3.45,7.345833333
10001,-78,43.5,0.1,-5.2,-4.575,0.3,7.1,12.9,18.25,21.25,20.375,16.2,10.25,4.275,-2.2,8.24375
10002,-66.86666667,45.91666667,0.1,-9.6,-8.5,-2.9,3.8,10.5,15.7,18.7,17.7,13,7.3,1.3,-6.7,5.025
10003,-50.5,44.5,NA,NA,NA,NA,NA,NA,NA,NA,NA,NA,NA,NA,NA,NA
10004,-55.5,46,NA,NA,NA,NA,NA,NA,NA,NA,NA,NA,NA,NA,NA,NA
10006,-68.66666667,41.16666667,NA,NA,NA,NA,NA,NA,NA,NA,NA,NA,NA,NA,NA,NA
10007,-3,45.5,NA,NA,NA,NA,NA,NA,NA,NA,NA,NA,NA,NA,NA,NA
10010,-64.75,49.66666667,0.5,-11.2,-10.55,-5.8,0.2,5.966666667,11.81666667,15.58333333,14.46666667,10.1,4.666666667,-0.683333333,-7.533333333,2.252777778
10011,-6.5,55.13333333,0.1,3.15,3.3,5.25,6.95,10,12.9,14.25,13.5,12,9.15,5.75,4.05,8.354166667
10013,-22,64,0.1,-0.45,0.125,0.475,2.775,6.125,8.7,10.55,10.175,7.45,4.3,1.275,-0.2,4.275
10014,-2.666666667,57.08333333,0.1,1.85,1.8,3.85,5.95,8.7,12,13.3,12.95,11.05,8.25,4.4,2.75,7.2375
10017,-59,47.91666667,0.1,-6.2,-7.3,-4.45,0.15,4.55,9.15,13.55,14.35,10.8,6,1.6,-3.35,3.2375
10018,-61,46.5,0.1,-6.1,-7.05,-3.6,1.35,7,12.575,16.85,16.475,12.35,7.15,2.725,-2.675,4.754166667
10019,-65.5,46.96666667,0.1,-10.25,-9.05,-3.65,2.95,9.7,15.65,19.1,17.9,12.8,6.95,0.75,-7.1,4.645833333
10020,-65.08333333,46,0.1,-8.45,-7.8,-2.75,3.5,9.9,15.3,18.7,17.65,13,7.5,1.85,-5.6,5.233333333
10021,-67.5,47.58333333,0.1,-13.5,-11.8,-5.85,1.65,8.55,14.1,17.05,15.45,10.75,4.95,-1.6,-10.25,2.458333333
10022,-3.666666667,56.41666667,0.1,1.45,1.7,4.2,6.3,9.4,13,14.4,13.95,11.1,8.2,4.4,2.45,7.545833333
10024,-67.33333333,47.16666667,0.1,-12.875,-11.3,-5.4,2.025,9.1,14.575,17.5,15.975,11.25,5.3,-1.175,-9.675,2.941666667
10025,-67.25,49.41666667,0.1,-13.6,-12.1,-6.2,0.5,6.9,12.8,15.9,14.7,10.1,4.3,-1.8,-10.3,1.766666667
10026,-57,52,0.1,-12.975,-12.55,-8.3,-2.975,1.75,6.175,10.5,10.625,7.175,2.1,-2.65,-9.25,-0.864583333
10028,-72.25,43.91666667,0.1,-9.1,-7.7,-2.1,4.8,11.3,16.2,18.8,17.6,13.2,7.3,1.3,-6,5.466666667
10032,123,29,NA,NA,NA,NA,NA,NA,NA,NA,NA,NA,NA,NA,NA,NA
10034,-87,44,0.1,-6.15,-4.875,0.1,6.325,11.75,16.9,20.2,19.725,15.825,9.975,3.475,-3.15,7.508333333
10037,5.783333333,52.83333333,0.1,1.9,2.1,4.55,6.3,11.6,14.6,16.2,16.35,14,10.4,6,3.15,8.929166667
10038,-118.6666667,37.16666667,0.1,-4.15,-4.875,-5.1,-2.775,1.225,6.125,10.1,9.725,6.65,3,-1.525,-3.775,1.21875
10040,-118.6833333,37.21666667,0.1,-4.8,-5.8,-6.2,-4,0,4.9,8.9,8.6,5.6,2.1,-2.3,-4.4,0.216666667
10042,-118.3833333,36.75,0.1,-4.5,-5.5,-6,-3.7,0.2,5.2,9.2,8.8,5.9,2.3,-2.1,-4.2,0.466666667
10044,-118.75,37.13333333,0.1,-4.2,-5.1,-5.6,-3.3,0.6,5.5,9.5,9.2,6.2,2.7,-1.7,-3.8,0.833333333
10045,-118.7166667,37.15,0.1,-4.2,-5.1,-5.6,-3.3,0.6,5.5,9.5,9.2,6.2,2.7,-1.7,-3.8,0.833333333
10048,-83.88333333,44.55,0.1,-8.5,-7.8,-2.3,5.2,11.6,16.6,19.6,18.1,13.9,7.9,1.5,-5.2,5.883333333
10049,-119.35,38.16666667,0.1,-4.25,-4.3,-3.7,-1.1,3,7.7,11.55,11.3,7.95,4,-0.9,-3.6,2.304166667
10051,-118.7,37.25,0.1,-4.8,-5.8,-6.2,-4,0,4.9,8.9,8.6,5.6,2.1,-2.3,-4.4,0.216666667
10055,3,60,NA,NA,NA,NA,NA,NA,NA,NA,NA,NA,NA,NA,NA,NA
10056,-9,44,NA,NA,NA,NA,NA,NA,NA,NA,NA,NA,NA,NA,NA,NA
10057,-18,65,0.1,-5.175,-4.775,-4.55,-2.275,1.4,4.625,6.475,6.175,3.025,-0.525,-3.575,-4.925,-0.341666667
10060,-130,52.5,0.5,2.1,3.25,4.25,6.25,8.75,11.2,13.15,13.5,11.85,8.5,4.7,2.7,7.516666667
10063,-153,59,0.5,-5.314285714,-5.114285714,-2.771428571,0.814285714,5.485714286,9.557142857,12.25714286,12.08571429,8.671428571,2.528571429,-2.042857143,-4.7,2.621428571
10065,-123.2,49.15,0.1,3.2,4.5,6.4,9.2,12.4,15.2,17.3,17.2,14.3,10.2,6.4,4,10.025
10066,-127.8333333,52.11666667,0.1,1.3,2.65,3.5,5.5,8.65,11.5,13.75,14.2,12.1,8.35,4.2,2.2,7.325
10067,-126,50.83333333,0.1,-0.8,0.4,1.6,3.875,7.275,10.25,12.475,12.775,9.95,6.05,1.6,-0.875,5.38125
10068,-122.6833333,47.36666667,0.1,3.7,5.5,6.8,9.3,12.5,15.4,17.5,17.8,15.3,10.9,6.9,4.5,10.50833333
10069,-131,53,0.5,3.4,4.1,4.6,6,8.333333333,10.86666667,13.06666667,13.86666667,12.43333333,9.233333333,5.866666667,4.166666667,7.994444444
10070,-132.5,52.5,0.5,2.04,2.98,3.12,4.5,7.1,9.96,12.38,13.36,11.68,8.14,4.44,2.76,6.871666667
10071,-126,50,0.1,0.125,1,1.3,3.25,6.4,9.275,11.6,11.975,9.675,6.125,2.25,0.375,5.279166667
10072,-119,35.5,0.1,8.6,11.5,13.5,16.725,21.1,25.375,28.725,27.85,24.775,19.75,13.125,8.55,18.29791667
10073,141,36,0.5,4.522222222,4.933333333,7.733333333,12.61111111,16.75555556,19.94444444,23.67777778,25.56666667,22.57777778,17.25555556,12.22222222,7.211111111,14.58425926
10075,17.25,-32.75,NA,NA,NA,NA,NA,NA,NA,NA,NA,NA,NA,NA,NA,NA
10077,-52,63,NA,NA,NA,NA,NA,NA,NA,NA,NA,NA,NA,NA,NA,NA
10078,-52,50,NA,NA,NA,NA,NA,NA,NA,NA,NA,NA,NA,NA,NA,NA
10079,-45,47,NA,NA,NA,NA,NA,NA,NA,NA,NA,NA,NA,NA,NA,NA
10081,-51.5,44.5,NA,NA,NA,NA,NA,NA,NA,NA,NA,NA,NA,NA,NA,NA
10082,49,14.11666667,0.1,24.2,24.5,25.6,27.4,29.5,31,30.4,29.4,28.8,26.7,25.2,24.2,27.24166667
10084,-63.5,47.5,0.5,-8.4,-7.9,-3.2,2.4,8.7,14.6,18.5,17.9,13.2,7.6,2.1,-4.8,5.058333333
10085,-59,44,NA,NA,NA,NA,NA,NA,NA,NA,NA,NA,NA,NA,NA,NA
10086,-65.5,43,0.5,-1.75,-2.25,0.625,4.2,7.6,10.975,12.975,14.075,13.375,10.175,6.225,1.15,6.447916667
10087,-68.5,43.5,0.5,-4.95,-4.15,0.85,6.35,11.95,16.95,20.05,19.5,15.45,9.95,4.5,-2.1,7.8625
10088,-67,41,NA,NA,NA,NA,NA,NA,NA,NA,NA,NA,NA,NA,NA,NA
10089,13.5,55,0.5,-0.061538462,-0.130769231,2.307692308,6.030769231,10.94615385,15.02307692,16.72307692,16.56923077,13.37692308,9.338461538,4.4,1.615384615,8.011538462
10090,19,56,NA,NA,NA,NA,NA,NA,NA,NA,NA,NA,NA,NA,NA,NA
10092,-8,62,0.5,3.15,2.95,3.45,4.75,6.85,9,10.35,10.65,9.05,7.25,4.55,3.35,6.279166667
10096,-5,54,0.5,3.233333333,3.2,4.833333333,6.75,10,12.95,14.25,13.95,11.86666667,9.366666667,5.9,4.283333333,8.381944444
10097,12,57,0.5,-1.381818182,-1.572727273,1.290909091,5.536363636,11.18181818,15.30909091,16.85454545,16.28181818,12.90909091,8.718181818,4.172727273,1.036363636,7.528030303
10098,15,68,0.1,-2.5,-2.733333333,-1.2,1.766666667,5.666666667,9.3,11.83333333,11.7,8.633333333,4.8,0.733333333,-1.4,3.883333333
10100,4,55,NA,NA,NA,NA,NA,NA,NA,NA,NA,NA,NA,NA,NA,NA
10102,-6,58.5,0.5,3.942857143,3.742857143,4.8,6.242857143,8.885714286,11.4,12.55714286,12.68571429,10.97142857,8.914285714,5.657142857,4.6,7.866666667
10103,0,50.5,0.5,3.733333333,4.191666667,6,8.6,11.99166667,15.11666667,16.91666667,16.6,14.23333333,10.95,7,4.691666667,10.00208333
10108,5.25,52.5,0.1,2.2,2.45,4.7,6.05,11.8,14.7,16.45,16.5,14.2,10.7,6.2,3.45,9.116666667
10109,9.5,47.58333333,0.1,-0.5,0.95,4.9,8.8,13.25,16.65,18.55,17.95,14.85,9.6,4.45,0.8,9.1875
10110,-2.95,54.33333333,0.1,1.75,2.25,4.35,6.85,10.1,13.2,14.6,14.1,11.75,8.9,4.85,2.55,7.9375
10111,-131,53,0.5,3.4,4.1,4.6,6,8.333333333,10.86666667,13.06666667,13.86666667,12.43333333,9.233333333,5.866666667,4.166666667,7.994444444
10114,-55,65,NA,NA,NA,NA,NA,NA,NA,NA,NA,NA,NA,NA,NA,NA
10115,-27,65,NA,NA,NA,NA,NA,NA,NA,NA,NA,NA,NA,NA,NA,NA
10116,121,22.75,0.1,15.4,15.6,17.45,19.65,21.75,22.65,23,22.8,22.55,20.85,18.9,16.7,19.775
10117,-79.5,43.66666667,0.1,-5.65,-5,-0.375,6.725,12.875,18.25,21.2,20.275,15.975,10.075,3.95,-2.625,7.972916667
10123,-59,44.16666667,NA,NA,NA,NA,NA,NA,NA,NA,NA,NA,NA,NA,NA,NA
10131,-15,57.25,NA,NA,NA,NA,NA,NA,NA,NA,NA,NA,NA,NA,NA,NA
10133,-70.5,-21,0.5,21.38,21.33,20.06,18.35,16.79,15.31,14.87,15,16.22,17.16,18.62,20.03,17.92666667
10134,15,43,NA,NA,NA,NA,NA,NA,NA,NA,NA,NA,NA,NA,NA,NA
10135,-12,54,NA,NA,NA,NA,NA,NA,NA,NA,NA,NA,NA,NA,NA,NA
10136,-78,-12,0.5,21.5,22.5,22.2,20.3,18.1,16.6,15.9,15.5,15.5,16.5,18,19.6,18.51666667
10137,-74,-38,0.5,16.43333333,16.16666667,14.88888889,12.94444444,11.2,9.922222222,9.522222222,9.533333333,10.31111111,11.91111111,13.43333333,15.13333333,12.61666667
10138,-10,43,NA,NA,NA,NA,NA,NA,NA,NA,NA,NA,NA,NA,NA,NA
10140,21,57,0.1,-3.3,-3.4,-0.4,4.7,10.4,14.5,16.5,16.3,12.7,8.3,3.3,-0.7,6.575
10141,21,58,NA,NA,NA,NA,NA,NA,NA,NA,NA,NA,NA,NA,NA,NA
10142,20,62,NA,NA,NA,NA,NA,NA,NA,NA,NA,NA,NA,NA,NA,NA
10143,-60.5,44.16666667,0.5,-0.5,-1.5,0.5,3.4,6.8,11,15.4,17.4,15.2,10.9,6.6,2.1,7.275
10144,-59,49.41666667,0.5,-7.3,-8.4,-4.9,0.5,5.6,10.8,15.1,14.9,10.7,5.5,1.1,-4.2,3.283333333
10148,-63.33333333,42,NA,NA,NA,NA,NA,NA,NA,NA,NA,NA,NA,NA,NA,NA
10150,20,61,NA,NA,NA,NA,NA,NA,NA,NA,NA,NA,NA,NA,NA,NA
10151,23,65,0.5,-11.3,-11.35,-6.35,-0.4,6,12.7,15.3,13.8,8.6,2.7,-3.55,-8.3,1.4875
10152,-128.5,52.5,0.1,1.875,3.175,4.175,6.125,9.1,11.85,13.95,14.35,12.425,8.725,4.7,2.675,7.760416667
10155,2.5,52,NA,NA,NA,NA,NA,NA,NA,NA,NA,NA,NA,NA,NA,NA
10156,-162.5,58.5,0.5,-9.5,-9.45,-6.85,-2.45,4.1,8.85,11.3,10.9,7.5,0.75,-4.3,-8.55,0.191666667
10158,-67.5,41.5,NA,NA,NA,NA,NA,NA,NA,NA,NA,NA,NA,NA,NA,NA
10160,25,59.75,0.5,-5.425,-5.89375,-2.33125,3.59375,9.85625,14.76875,16.9,15.80625,11.125,6.15,1,-2.95,5.216666667
10162,-69,43,NA,NA,NA,NA,NA,NA,NA,NA,NA,NA,NA,NA,NA,NA
10163,23.58333333,57.5,0.5,-4.557142857,-4.642857143,-1.014285714,5.014285714,11.07142857,15.3,17.07142857,16.65714286,12.5,7.7,2.342857143,-1.785714286,6.304761905
10167,-4.483333333,54.08333333,0.1,3.4,3.4,5,7,10.2,13.1,14.5,14,11.9,9.5,6,4.4,8.533333333
10168,8,65,NA,NA,NA,NA,NA,NA,NA,NA,NA,NA,NA,NA,NA,NA
10170,-124,49.5,0.1,2.875,4.175,5.425,7.925,11.525,14.775,17.3,17.4,14.275,9.8,5.7,3.575,9.5625
10171,-126.75,49.5,0.1,3.5,4.3,4.7,6.4,8.9,11.2,12.9,13.2,11.8,9,5.8,4.2,7.991666667
10172,-130.25,54.5,0.1,-0.75,0.6,2,4.2,7.5,10.5,12.75,13,10.5,6.6,2.1,-0.25,5.729166667
10175,15,54.5,0.5,-2,-1.483333333,3.083333333,8.1,13.01666667,16.61666667,18.58333333,18.13333333,14.61666667,10.01666667,4.633333333,0.666666667,8.665277778
10176,-136,56,NA,NA,NA,NA,NA,NA,NA,NA,NA,NA,NA,NA,NA,NA
10179,-122.8333333,48.5,0.1,4,5.275,6.575,8.7,11.45,13.75,15.325,15.5,13.7,10.1,6.65,4.475,9.625
10180,-126,49,0.1,4.75,5.5,5.7,7.6,10.2,12.5,14.15,14.55,13.25,10.4,7.35,5.8,9.3125
10181,-8,57,0.5,4.166666667,3.833333333,5.066666667,6.866666667,9.5,12.1,13.3,13.16666667,11.36666667,9.233333333,6.2,4.833333333,8.302777778
10182,-12,54.5,NA,NA,NA,NA,NA,NA,NA,NA,NA,NA,NA,NA,NA,NA
10183,124,35,NA,NA,NA,NA,NA,NA,NA,NA,NA,NA,NA,NA,NA,NA
10184,142,44.5,0.1,-8.3,-8.05,-3.775,3.375,8.775,12.95,17.4,18.85,14.675,8.325,1.325,-4.3,5.104166667
10192,-82,45,0.1,-7,-6.925,-2.55,4.45,9.975,15.125,18.55,18.25,14.4,8.925,2.875,-3.275,6.066666667
10195,-59,48,0.1,-6.3,-7.425,-4.525,0.175,4.625,9.275,13.65,14.425,10.8,5.95,1.55,-3.425,3.23125
10196,-7,49,NA,NA,NA,NA,NA,NA,NA,NA,NA,NA,NA,NA,NA,NA
10201,-10,49,NA,NA,NA,NA,NA,NA,NA,NA,NA,NA,NA,NA,NA,NA
10203,-75,35,0.5,7.2,7.9,11.1,15.4,19.7,23.7,26.1,25.9,23.6,18.6,13.8,9.6,16.88333333
10204,-90,28,NA,NA,NA,NA,NA,NA,NA,NA,NA,NA,NA,NA,NA,NA
10205,-10,49,NA,NA,NA,NA,NA,NA,NA,NA,NA,NA,NA,NA,NA,NA
10207,179.05,29.8,NA,NA,NA,NA,NA,NA,NA,NA,NA,NA,NA,NA,NA,NA
10209,-79,-9,0.5,20.41,21.53,22.02,20.2,18.68,17.15,16.76,16.08,16.41,16.91,17.53,18.93,18.55083333
10215,-145,58,NA,NA,NA,NA,NA,NA,NA,NA,NA,NA,NA,NA,NA,NA
10217,-119,29.5,NA,NA,NA,NA,NA,NA,NA,NA,NA,NA,NA,NA,NA,NA
10218,-135,50,NA,NA,NA,NA,NA,NA,NA,NA,NA,NA,NA,NA,NA,NA
10222,-3,54.3,0.1,2.1,2.65,4.8,7.3,10.5,13.6,15,14.5,12.1,9.3,5.2,2.9,8.329166667
10225,-134.65,56.38333333,0.1,-0.4,1,1.9,3.9,6.9,10,12.2,12.4,10.2,6.5,2.8,1,5.7
10226,-147,60.75,0.5,-7.147826087,-5.569565217,-3.160869565,1.252173913,5.865217391,9.795652174,11.8173913,11.14782609,7.769565217,2.1,-3.665217391,-6.22173913,1.998550725
10227,-134.6333333,58.36666667,0.1,-6.1,-4,-1.6,2.3,6.5,10.2,12.1,11.5,8.3,4,-1.4,-4.2,3.133333333
10229,143.0166667,47.21666667,0.1,-14.25,-12.95,-7.2,0.55,5.6,9.85,14.05,15.5,11.75,5.1,-3.05,-9.85,1.258333333
10232,-132.2,53.65,0.1,0.3,2.4,3.2,5.1,8,10.9,13.4,14,12,8.1,4.4,2.2,7
10233,0,0,NA,NA,NA,NA,NA,NA,NA,NA,NA,NA,NA,NA,NA,NA
10234,-128,53,0.1,-2.95,-1.2,-0.075,2.6,6.375,9.825,12.425,12.65,9.8,5.5,0.7,-1.625,4.502083333
10235,-128.6666667,54,0.1,-4.125,-1.325,0.95,4.175,8.275,11.8,14.525,14.425,10.875,5.85,0.5,-2.475,5.2875
10236,-129,53.5,0.1,-1.65,0.225,1.725,4.2,7.675,10.925,13.375,13.55,10.8,6.525,1.85,-0.575,5.71875
10237,0,0,NA,NA,NA,NA,NA,NA,NA,NA,NA,NA,NA,NA,NA,NA
10238,0,0,NA,NA,NA,NA,NA,NA,NA,NA,NA,NA,NA,NA,NA,NA
10239,0,0,NA,NA,NA,NA,NA,NA,NA,NA,NA,NA,NA,NA,NA,NA
10240,0,0,NA,NA,NA,NA,NA,NA,NA,NA,NA,NA,NA,NA,NA,NA
10241,-128.25,52.75,0.1,0.1,1.6,2.8,5.1,8.5,11.6,13.9,14.3,11.9,7.8,3.4,1.1,6.841666667
10242,0,0,NA,NA,NA,NA,NA,NA,NA,NA,NA,NA,NA,NA,NA,NA
10243,-132.5,53.25,0.1,1.05,2.3,2.4,3.85,6.55,9.45,11.95,12.8,11.1,7.55,4,2.3,6.275
10245,0,0,NA,NA,NA,NA,NA,NA,NA,NA,NA,NA,NA,NA,NA,NA
10246,-127,52.25,0.1,-3.2,-1.3,0,2.85,6.5,9.8,12.3,12.45,9.6,5.4,0.35,-2.15,4.383333333
10247,0,0,NA,NA,NA,NA,NA,NA,NA,NA,NA,NA,NA,NA,NA,NA
10248,-127.4166667,51.46666667,0.1,1.1,2.4,3.1,5,7.8,10.5,12.6,12.9,10.8,7.4,3.4,1.6,6.55
10249,0,0,NA,NA,NA,NA,NA,NA,NA,NA,NA,NA,NA,NA,NA,NA
10250,-131.8,53.16666667,0.1,2.35,3.15,3.75,5.45,8,10.85,13.3,14.2,12.3,8.65,4.8,3.1,7.491666667
10251,0,0,NA,NA,NA,NA,NA,NA,NA,NA,NA,NA,NA,NA,NA,NA
10252,0,0,NA,NA,NA,NA,NA,NA,NA,NA,NA,NA,NA,NA,NA,NA
10253,0,0,NA,NA,NA,NA,NA,NA,NA,NA,NA,NA,NA,NA,NA,NA
10254,-127.75,55.5,0.1,-10.95,-5.95,-1.45,3.6,8.35,12.05,14.5,13.75,9.45,4,-3.05,-7.6,3.058333333
10255,-129.4166667,54.33333333,0.1,-3.4,-1.9,0.05,2.65,6.45,10.05,12.7,12.8,9.35,4.9,-0.45,-3,4.183333333
10256,-130.3333333,54.25,0.1,0.5,2.1,3.5,5.6,8.55,11.25,13.4,13.7,11.6,8.1,3.65,1.3,6.9375
10257,-152.6666667,59.5,0.5,-7.442857143,-6.657142857,-4.2,0.028571429,5.285714286,9.771428571,12.24285714,11.8,8.071428571,1.414285714,-3.914285714,-6.642857143,1.646428571
10258,-154,59.41666667,0.1,-7.95,-7.95,-5,-0.7,4.85,9.4,12.1,11.5,7.85,1.2,-3.85,-7.05,1.2
10260,-128,52,0.1,2.375,3.725,4.625,6.425,9.375,12.075,14.1,14.575,12.675,9.1,5.175,3.2,8.11875
10261,144,53,NA,NA,NA,NA,NA,NA,NA,NA,NA,NA,NA,NA,NA,NA
10262,-152,60,0.5,-7.114285714,-5.714285714,-3.35,1.064285714,5.792857143,9.964285714,12.22142857,11.94285714,8.364285714,2.028571429,-3.571428571,-6.271428571,2.113095238
10265,-151.25,59.58333333,0.1,-5.4,-4.2,-2.4,1.6,5.6,9.3,11.6,11.6,8.3,2.7,-2,-4.4,2.691666667
10266,-151.0833333,59.25,0.1,-4.6,-3.8,-2.4,1.1,4.9,8.6,11.1,11.3,8,2.6,-1.6,-3.8,2.616666667
10267,-152,60,0.5,-7.114285714,-5.714285714,-3.35,1.064285714,5.792857143,9.964285714,12.22142857,11.94285714,8.364285714,2.028571429,-3.571428571,-6.271428571,2.113095238
10268,-153.3333333,57.33333333,0.1,-2.8,-3.25,-2.325,-0.05,3.775,7.45,10.4,10.775,7.8,2.6,-0.5,-2.45,2.61875
10269,-153.3333333,57.33333333,0.1,-2.8,-3.25,-2.325,-0.05,3.775,7.45,10.4,10.775,7.8,2.6,-0.5,-2.45,2.61875
10271,142.7666667,48.56666667,0.1,-16.8,-14.4,-8.2,-0.1,4.8,9.1,13.5,15.2,11.5,4.4,-4.8,-12.6,0.133333333
10272,-128.7833333,54.43333333,0.1,-5.1,-2.5,0.2,3.7,7.9,11.6,14.3,14,10.2,5,-0.8,-3.8,4.558333333
10275,143.5,46.5,0.1,-11.5,-11,-5.725,1.675,6.65,10.375,14.65,16.425,13.05,6.775,-0.975,-7.225,2.764583333
10278,-135,58.25,0.1,-4.05,-1.95,-0.15,3.4,7.3,10.8,12.75,12.35,9.25,5.05,0.05,-2.35,4.370833333
10279,-151.6666667,58.33333333,0.1,-1.9,-1.6,-0.5,2,5.3,8.8,11.5,12,9,3.8,0.3,-1.6,3.925
10280,-151.0333333,59.25,0.1,-4.6,-3.8,-2.4,1.1,4.9,8.6,11.1,11.3,8,2.6,-1.6,-3.8,2.616666667
10281,-152.8333333,59.25,0.5,-5.75,-5.275,-3.025,0.725,5.45,9.625,12.225,12.05,8.55,2.3,-2.45,-5.075,2.445833333
10282,142,46.33333333,0.1,-10.45,-9.775,-4.825,2.2,7,10.975,15.275,17.125,13.775,7.325,-0.525,-6.575,3.460416667
10285,143.1333333,49.21666667,0.1,-17.4,-14.4,-8.1,0.1,4.9,9.2,13.6,15.5,11.8,4.7,-5,-13.3,0.133333333
10286,-151.45,59.21666667,0.1,-4.6,-3.7,-2.2,1.3,5.1,8.9,11.3,11.4,8.2,2.6,-1.6,-3.7,2.75
10287,-152.75,59.48333333,0.5,-7.442857143,-6.657142857,-4.2,0.028571429,5.285714286,9.771428571,12.24285714,11.8,8.071428571,1.414285714,-3.914285714,-6.642857143,1.646428571
10288,-133,56,0.1,-0.35,1.35,2.5,4.825,7.975,11,12.875,13,10.675,7.025,3.15,1.2,6.26875
10289,-153.9166667,59.46666667,0.1,-7.8,-7.7,-4.8,-0.5,5,9.5,12.2,11.6,8,1.3,-3.7,-6.9,1.35
10290,156.0666667,53.16666667,0.1,-11.75,-11.65,-8.4,-2.5,2.6,6.6,10.5,11.6,9.15,4.35,-3.15,-8.2,-0.070833333
10293,-151.3833333,58.96666667,0.5,-4.886666667,-4.126666667,-2.733333333,0.686666667,4.613333333,8.433333333,10.96666667,11.09333333,7.76,2.186666667,-2.026666667,-4.093333333,2.322777778
10294,-151.3333333,59,0.1,-3.8,-3,-1.4,2,5.7,9.3,11.7,11.9,8.8,3.3,-0.8,-3,3.391666667
10296,-3,49.5,0.5,5.6,5.7,7.533333333,9.8,13.03333333,15.9,17.73333333,17.9,16.13333333,12.8,9.066666667,6.666666667,11.48888889
10298,10,58,0.5,-0.1,-0.38,1.82,5.32,10.3,14.22,15.8,15.7,12.76,9.16,4.6,2.36,7.63
10303,-62,43,NA,NA,NA,NA,NA,NA,NA,NA,NA,NA,NA,NA,NA,NA
10304,-8,62,0.5,3.15,2.95,3.45,4.75,6.85,9,10.35,10.65,9.05,7.25,4.55,3.35,6.279166667
10308,-12,54,NA,NA,NA,NA,NA,NA,NA,NA,NA,NA,NA,NA,NA,NA
10311,-127,50,0.1,2.725,3.55,3.875,5.575,8.175,10.5,12.45,12.775,11.2,8.15,4.75,3.2,7.24375
10315,-59,44.16666667,NA,NA,NA,NA,NA,NA,NA,NA,NA,NA,NA,NA,NA,NA
10320,-67.83333333,41.41666667,NA,NA,NA,NA,NA,NA,NA,NA,NA,NA,NA,NA,NA,NA
10321,-72,40,NA,NA,NA,NA,NA,NA,NA,NA,NA,NA,NA,NA,NA,NA
10322,-159,58,0.5,-8.5,-8.366666667,-5.133333333,-0.9,5.2,9.633333333,12.2,11.93333333,8.533333333,1.3,-4.066666667,-7.766666667,1.172222222
10323,0,0,NA,NA,NA,NA,NA,NA,NA,NA,NA,NA,NA,NA,NA,NA
10326,-75,35,0.5,7.2,7.9,11.1,15.4,19.7,23.7,26.1,25.9,23.6,18.6,13.8,9.6,16.88333333
10328,20,-35,0.1,20.7,20.5,19.5,17.7,15.8,14.4,13.6,13.7,14.6,16.2,17.9,19.5,17.00833333
10332,23,-35,NA,NA,NA,NA,NA,NA,NA,NA,NA,NA,NA,NA,NA,NA
10334,17.5,-34.5,NA,NA,NA,NA,NA,NA,NA,NA,NA,NA,NA,NA,NA,NA
10338,-47,-25,0.5,25.13333333,25.23333333,24.46666667,22.26666667,19.96666667,18.53333333,17.56666667,18.6,19.46666667,20.9,22.16666667,23.9,21.51666667
10341,140,35,0.1,5.633333333,5.833333333,8.333333333,13.36666667,17.46666667,20.6,24.06666667,25.86666667,22.76666667,17.4,12.86666667,8.166666667,15.19722222
10344,-10,43,NA,NA,NA,NA,NA,NA,NA,NA,NA,NA,NA,NA,NA,NA
10350,100,-15,NA,NA,NA,NA,NA,NA,NA,NA,NA,NA,NA,NA,NA,NA
10351,-67.83333333,40.66666667,NA,NA,NA,NA,NA,NA,NA,NA,NA,NA,NA,NA,NA,NA
10355,4,58,NA,NA,NA,NA,NA,NA,NA,NA,NA,NA,NA,NA,NA,NA
10357,3.5,52.5,NA,NA,NA,NA,NA,NA,NA,NA,NA,NA,NA,NA,NA,NA
10362,-73,38,NA,NA,NA,NA,NA,NA,NA,NA,NA,NA,NA,NA,NA,NA
10363,-74,19.75,0.5,22.2,21.95,22.85,23.85,24.8,25.65,26,26.1,25.55,25.1,23.7,22.6,24.19583333
10364,-119.55,50.9,0.1,-6.9,-3.6,0.5,5.5,10.2,14.1,16.8,16.3,11.5,5.4,-1.1,-5.5,5.266666667
10365,-126,54.66666667,0.1,-12.35,-7.95,-3.95,1.125,5.975,10,12.525,12.05,7.875,2.825,-3.95,-9.35,1.235416667
10368,-122,50,0.1,-7.075,-4.325,-2.725,1.05,5.15,9.025,12.425,12.25,8.525,3.6,-2.925,-6.025,2.4125
10370,-157,58.66666667,0.1,-9.375,-9,-5.275,-0.125,5.8,10.125,12.625,12.15,8.375,0.7,-4.775,-9.4,0.985416667
10373,-123.45,52.1,0.1,-10.2,-6.4,-1,3.6,8.2,11.9,14.2,13.9,9.5,3.8,-4,-10.6,2.741666667
10378,-124.0833333,46.25,0.1,5.6,6.7,7.3,8.7,11,13.1,14.6,14.9,14.1,11.3,8.2,6.2,10.14166667
10379,157.9,52.5,0.1,-12.85,-12.75,-10.5,-5.8,-1.5,2.75,6.55,7.8,5.15,0.15,-6.25,-10.2,-3.120833333
10380,-124.0666667,51.26666667,0.1,-9.4,-5.8,-3.5,0.5,4.8,8.4,11.2,11.1,7.5,2.6,-4.3,-8.2,1.241666667
10381,-157.4,58.18333333,0.1,-8.3,-8.1,-4.6,-0.1,5.6,9.8,12.3,12.1,8.6,1.3,-3.9,-7.9,1.4
10386,-154.1333333,57.25,0.1,-3.4,-3.8,-2.3,0.3,4.3,8,10.9,11.2,8.2,2.8,-0.6,-2.9,2.725
10387,-126.15,54.8,0.1,-11.9,-7.5,-3.2,1.9,6.7,10.7,13.1,12.6,8.4,3.3,-3.4,-9,1.808333333
10388,-126.15,54.8,0.1,-11.9,-7.5,-3.2,1.9,6.7,10.7,13.1,12.6,8.4,3.3,-3.4,-9,1.808333333
10390,-118,50,0.1,-6.7,-4.1,-1.15,3.6,8.325,12.2,15.275,14.8,10.275,4.225,-1.725,-5.175,4.154166667
10391,-121.3833333,52.46666667,0.1,-9.1,-5.8,-1.4,4.3,9.3,12.7,15,14.3,10.6,5.3,-1.5,-5.4,4.025
10392,-158.8333333,58.66666667,0.1,-8.9,-8.725,-5.475,-1.025,5.3,9.775,12.375,12.025,8.55,1.075,-4.425,-8.275,1.022916667
10394,-154.5333333,57.56666667,0.1,-3.9,-4.1,-1.9,1.3,5.6,9.3,12,12.1,9.1,3.3,-0.6,-3.5,3.225
10395,157,52.5,0.1,-11.475,-11.425,-8.725,-3.475,1.15,5.2,8.95,10.25,7.825,3.025,-3.925,-8.425,-0.920833333
10398,-157.05,58.86666667,0.1,-10,-9.5,-5.7,-0.3,5.9,10.3,12.8,12.2,8.4,0.5,-5.3,-10,0.775
10400,-152.45,58.18333333,0.1,-2.4,-2.3,-1,1.7,5.2,8.8,11.7,12,8.9,3.5,-0.3,-2.3,3.625
10402,-126.5166667,53.98333333,0.1,-10.7,-6.3,-3.175,1.625,6.35,10.175,12.725,12.3,8.5,3.475,-3.325,-7.675,1.997916667
10403,-125.45,54.45,0.1,-11.3,-7.7,-3.2,1.8,6.5,10.5,13.2,12.8,8.5,3.5,-3.5,-8.4,1.891666667
10404,-123.5333333,53.98333333,0.1,-11.5,-6.95,-2.15,3.45,8.35,12.25,14.6,13.85,9.4,4.15,-3.95,-9.45,2.670833333
10405,-157.0166667,58.76666667,0.1,-9.55,-9.15,-5.35,-0.1,5.9,10.2,12.7,12.2,8.4,0.65,-4.9,-9.6,0.95
10406,-157,58.66666667,0.1,-9.375,-9,-5.275,-0.125,5.8,10.125,12.625,12.15,8.375,0.7,-4.775,-9.4,0.985416667
10408,-158.3833333,59.05,0.1,-9.6,-9.4,-5.9,-1.1,5.5,10.2,12.8,12.2,8.6,0.6,-5.3,-9.4,0.766666667
10409,-158.25,59.91666667,0.1,-12.5,-11.7,-8.2,-2.2,5.3,10.2,12.7,11.7,7.5,-0.8,-7.5,-12.7,-0.683333333
10410,-127.8333333,52.11666667,0.1,1.3,2.65,3.5,5.5,8.65,11.5,13.75,14.2,12.1,8.35,4.2,2.2,7.325
10411,-125.45,54.45,0.1,-11.3,-7.7,-3.2,1.8,6.5,10.5,13.2,12.8,8.5,3.5,-3.5,-8.4,1.891666667
10412,-121,52.5,0.1,-9.5,-5.725,-2.325,2.775,7.725,11.2,13.65,13.2,9.2,3.95,-2.825,-6.875,2.870833333
10413,-154.6166667,57.26666667,0.1,-3.4,-3.7,-1.5,1.5,5.6,9.2,12,12.2,9.3,3.6,-0.1,-2.9,3.483333333
10415,-119.25,50.95,0.1,-6.4,-3.3,0.9,5.9,10.7,14.6,17.2,16.7,11.9,5.7,-0.8,-5,5.675
10416,-130.0333333,54.15,0.1,-0.1,1.2,2.5,4.5,7.6,10.5,12.8,13.1,10.8,7.1,2.7,0.4,6.091666667
10418,-127.4166667,51.31666667,0.1,2.3,3.6,4.5,6.3,9,11.4,13.3,13.6,11.6,8.3,4.6,2.7,7.6
10419,-124.8833333,54.05,0.1,-10.7,-7.4,-2.2,2.8,7.5,11.3,13.8,13.5,9.1,4,-3.9,-9.2,2.383333333
10420,-123.5333333,53.98333333,0.1,-11.5,-6.95,-2.15,3.45,8.35,12.25,14.6,13.85,9.4,4.15,-3.95,-9.45,2.670833333
10421,-132.5,58,0.1,-12.025,-10.25,-7.975,-3.875,1.05,5.6,8.225,7.65,3.775,-0.925,-7.75,-10.6,-2.258333333
10423,-116,49,0.1,-8.25,-5.05,-2.6,2.125,6.95,10.7,14.475,14.05,9.4,3.5,-3.075,-6.8,2.952083333
10424,-160.5,59.08333333,0.1,-10.65,-10.35,-7.4,-2.35,4.65,9.5,11.95,11.35,7.7,0.25,-5.5,-10.05,-0.075
10426,-157.6166667,57.5,0.1,-6.4,-6.5,-3.35,0.4,5.4,9.25,11.85,12,8.95,2.4,-2.2,-5.55,2.1875
10430,-125,54.21666667,0.1,-11.7,-8.25,-3.75,1.3,6.1,10,12.7,12.35,8.05,2.95,-4.65,-9.7,1.283333333
10431,-154.5833333,57.16666667,0.1,-3.1,-3.4,-1.25,1.75,5.75,9.3,12.05,12.3,9.45,3.8,0.15,-2.6,3.683333333
10432,-121.8833333,49.31666667,0.1,0.9,3.2,5.6,8.6,12.1,14.8,17.3,17.2,14.4,9.8,5,1.9,9.233333333
10434,-158.5,59.05,0.1,-9.6,-9.4,-5.95,-1.2,5.45,10.15,12.7,12.15,8.5,0.6,-5.3,-9.35,0.729166667
10435,-5,51,0.5,4.7,4.9,6.3,8.633333333,11.63333333,14.63333333,16.33333333,16.42222222,14.28888889,11.5,7.644444444,5.577777778,10.21388889
10441,-9,45.5,NA,NA,NA,NA,NA,NA,NA,NA,NA,NA,NA,NA,NA,NA
10442,20,58,NA,NA,NA,NA,NA,NA,NA,NA,NA,NA,NA,NA,NA,NA
10443,20,56.25,NA,NA,NA,NA,NA,NA,NA,NA,NA,NA,NA,NA,NA,NA
10444,127.4,-50.6,NA,NA,NA,NA,NA,NA,NA,NA,NA,NA,NA,NA,NA,NA
10447,114.25,-22,0.5,30.30952381,30.84285714,29.6047619,26.8,22.08095238,18.88571429,17.68571429,19.07619048,21.5047619,23.98095238,26.16666667,28.63333333,24.63095238
10448,101,11,NA,NA,NA,NA,NA,NA,NA,NA,NA,NA,NA,NA,NA,NA
10451,-89.58333333,46.06666667,0.1,-12.8,-10.8,-4.3,3.9,11,15.8,18.6,17.1,12.2,6.6,-1.7,-9.7,3.825
10455,-93.66666667,46.25,0.1,-14.65,-11.2,-3.55,5.25,12.1,17.3,20.2,18.6,13.15,7.05,-1.95,-11.2,4.258333333
10465,-63,47,0.5,-7.2,-7.2,-2.8,2.8,9,14.6,18.6,18.1,13.7,8.3,2.9,-3.8,5.583333333
10474,147,43,NA,NA,NA,NA,NA,NA,NA,NA,NA,NA,NA,NA,NA,NA
10475,163,53.5,NA,NA,NA,NA,NA,NA,NA,NA,NA,NA,NA,NA,NA,NA
10476,177,61,NA,NA,NA,NA,NA,NA,NA,NA,NA,NA,NA,NA,NA,NA
10481,-72,40,NA,NA,NA,NA,NA,NA,NA,NA,NA,NA,NA,NA,NA,NA
10482,-130,50,NA,NA,NA,NA,NA,NA,NA,NA,NA,NA,NA,NA,NA,NA
10496,126,30,NA,NA,NA,NA,NA,NA,NA,NA,NA,NA,NA,NA,NA,NA
10497,129,32,NA,NA,NA,NA,NA,NA,NA,NA,NA,NA,NA,NA,NA,NA
10498,124,27,NA,NA,NA,NA,NA,NA,NA,NA,NA,NA,NA,NA,NA,NA
10499,35.58333333,-3.166666667,0.1,17.4,17.8,18.1,17.5,15.85,14.8,13.85,14.8,16.15,17.2,17.5,17.65,16.55
10500,35.58333333,-3.166666667,0.1,17.4,17.8,18.1,17.5,15.85,14.8,13.85,14.8,16.15,17.2,17.5,17.65,16.55
10501,-123.3333333,39,0.1,6.875,8.125,8.65,10.1,12.85,15.875,18.325,18.275,16.575,13.525,9.225,6.925,12.11041667
10502,-123.3333333,39,0.1,6.875,8.125,8.65,10.1,12.85,15.875,18.325,18.275,16.575,13.525,9.225,6.925,12.11041667
10503,-3.166666667,55.16666667,0.1,2.025,2.2,4.125,6.5,9.475,12.55,13.8,13.475,11.35,8.575,4.625,2.825,7.627083333
10504,-3.166666667,59.2,0.1,3.6,2.9,4.1,5.5,7.9,10.4,11.9,12,10.8,8,5.9,4.4,7.283333333
10505,-1.583333333,55.66666667,0.1,3.3,3.2,5.7,7.3,10.1,12.8,14.3,14.3,12.2,9.7,6.2,4.3,8.616666667
10506,-3.75,52.5,0.1,2,2.1,4.15,6.6,9.85,12.9,14.15,13.9,11.65,8.55,4.9,3.05,7.816666667
10508,-1.333333333,51.7,0.1,3.35,3.85,6,8.6,11.85,14.85,16.4,16.1,13.95,10.65,6.65,4.6,9.7375
10509,-1.333333333,51.7,0.1,3.35,3.85,6,8.6,11.85,14.85,16.4,16.1,13.95,10.65,6.65,4.6,9.7375
10510,-1.333333333,51.7,0.1,3.35,3.85,6,8.6,11.85,14.85,16.4,16.1,13.95,10.65,6.65,4.6,9.7375
10511,-1.333333333,51.7,0.1,3.35,3.85,6,8.6,11.85,14.85,16.4,16.1,13.95,10.65,6.65,4.6,9.7375
10512,-1.333333333,51.7,0.1,3.35,3.85,6,8.6,11.85,14.85,16.4,16.1,13.95,10.65,6.65,4.6,9.7375
10513,-1.333333333,51.7,0.1,3.35,3.85,6,8.6,11.85,14.85,16.4,16.1,13.95,10.65,6.65,4.6,9.7375
10514,-1.333333333,51.7,0.1,3.35,3.85,6,8.6,11.85,14.85,16.4,16.1,13.95,10.65,6.65,4.6,9.7375
10515,-38,-54,0.1,4.8,5.45,4.675,2.65,0.25,-1.05,-1.825,-1.45,-0.05,1.9,3.225,3.75,1.860416667
10516,6,58.83333333,0.1,-0.475,-0.9,1,3.85,8.275,11.35,13.125,13.325,10.575,7.225,3.325,0.825,5.958333333
10517,10,57.16666667,0.1,-0.6,-0.675,1.875,5.675,10.675,14.325,15.825,15.625,12.55,8.825,3.925,2.35,7.53125
10518,-3.416666667,55.25,0.1,2.3,2.4,4.3,6.5,9.6,12.6,13.8,13.6,11.5,8.8,4.8,3,7.766666667
10519,-0.5,52.5,0.1,2.575,3.575,6.05,8.625,11.925,15.1,16.775,16.35,13.95,10.425,5.975,4.025,9.6125
10520,-3,55.16666667,0.1,1.8,1.975,4.05,6.5,9.55,12.65,13.975,13.475,11.25,8.425,4.55,2.65,7.570833333
10521,-163.75,64.56666667,0.1,-15.8,-16.5,-14.3,-8.1,1.9,8.3,11.2,10.3,5.4,-3.1,-10.1,-16,-3.9
10522,-3.95,58.4,0.1,2.7,2.4,4,5.4,8.2,11.3,12.7,12.5,10.7,8.1,5,3.4,7.2
10523,156,-54,NA,NA,NA,NA,NA,NA,NA,NA,NA,NA,NA,NA,NA,NA
10524,-6.416666667,57,0.1,3.25,3.05,4.45,6.3,9.25,11.95,13.05,12.95,11.05,8.55,5.45,4.15,7.7875
10525,-1.6,54.81666667,0.1,2.8,3,4.9,7.1,10,13.1,14.7,14.5,12.7,9.5,5.8,3.7,8.483333333
10526,-123.3333333,48.58333333,0.1,3.95,5.1,6.4,8.55,11.4,13.9,15.75,15.75,13.75,10,6.55,4.25,9.6125
10527,-0.641666667,51.40416667,0.1,2.9,3.7,6.3,9.2,13,15.7,17.8,17,14.1,10.8,6.3,3.8,10.05
10528,31.5,-24,0.1,27.175,26.65,25.375,23.025,19.8,16.825,16.725,18.9,21.75,23.475,24.8,26.275,22.56458333
10529,31.75,-24.83333333,0.1,26.1,25.7,24.6,22.35,19.1,16.15,16,18.1,20.85,22.9,23.95,25.35,21.7625
10530,-2.333333333,52.36666667,0.1,2.95,3.45,5.5,8,11.15,14.3,15.7,15.35,13.2,10,6,4.1,9.141666667
10532,-90,0.5,0.1,25.3,26.1,26.3,25.9,25.1,23.9,22.9,22.6,22.5,22.6,23.2,24,24.2
10533,118.9166667,-30.08333333,0.1,27.4,26.8,24.2,19.6,14.5,11.5,10.5,11.5,14.6,18.2,21.8,25.7,18.85833333
10534,-2.333333333,57.5,0.1,2.8,2.825,4.625,6.475,9.225,12.275,13.95,13.575,11.525,8.95,5.375,3.825,7.952083333
10535,-58.5,-36,0.1,22.575,21.45,19.3,14.85,11.85,9.2,9.1,9.925,12.05,14.875,18.1,20.5,15.31458333
10536,-58.5,-36,0.1,22.575,21.45,19.3,14.85,11.85,9.2,9.1,9.925,12.05,14.875,18.1,20.5,15.31458333
10537,-70.78333333,43,0.1,-4.6,-3.5,1.55,7.2,13,18.25,21.25,20.3,16,10.3,4.75,-1.9,8.55
10538,16.16666667,65.96666667,0.1,-11,-10.15,-6.55,-2.1,3.6,8.55,10.75,9.5,5.1,0.4,-5.7,-9.35,-0.579166667
10539,-122,44,0.1,-2.4,-0.775,0.75,3.325,7,11.175,14.825,14.65,11.025,6.575,1.05,-1.95,5.4375
10540,20.25,63.83333333,0.1,-9.8,-9.45,-4.8,1.05,7.45,13.4,15.75,14.15,9.1,3.55,-2.8,-7.2,2.533333333
10541,-107,38.75,0.1,-12.1,-10.4,-6.5,-1.15,4.65,9.55,12.65,11.75,8,2.95,-4.45,-10.45,0.375
10542,-77.11666667,39.46666667,0.1,-1.4,0.1,5.1,10.6,16,20.7,23.2,22.3,18.5,12.4,6.6,1,11.25833333
10543,-72.58333333,42.23333333,0.1,-5,-3.7,1.6,8,14,19,21.7,20.6,16.2,10.2,4.6,-2.3,8.741666667
10544,-2.5,56.98333333,0.1,1.975,2,4,6.05,8.75,12.05,13.375,13.1,11.125,8.35,4.55,2.85,7.347916667
10545,-2.883333333,54.33333333,0.1,1.75,2.25,4.35,6.85,10.1,13.2,14.6,14.1,11.75,8.9,4.85,2.55,7.9375
10546,1.283333333,52.9,0.1,3.5,4.4,6.5,9.4,12.2,15.8,17.6,17.4,15.5,11,7.1,4.8,10.43333333
10547,-91.83333333,47.83333333,0.1,-15.15,-11.95,-4.925,3.525,10.95,15.8,19,17.525,12.175,6.15,-2.9,-11.8,3.2
10548,-91.83333333,47.83333333,0.1,-15.15,-11.95,-4.925,3.525,10.95,15.8,19,17.525,12.175,6.15,-2.9,-11.8,3.2
10549,-91.83333333,47.83333333,0.1,-15.15,-11.95,-4.925,3.525,10.95,15.8,19,17.525,12.175,6.15,-2.9,-11.8,3.2
10550,-109,32,0.1,5.575,7.7,10.625,14.65,19.075,24,25.65,24.275,21.45,15.875,9.7,5.775,15.3625
10551,-89.41666667,39.5,0.1,-3.2,-0.55,5.4,12.15,17.75,22.85,24.75,23.45,19.7,13.35,6.05,-0.4,11.775
10552,29.63333333,-4.666666667,0.1,23.3,23.45,23.45,23.45,23.55,22.7,22.45,23.6,24.5,24.45,23.3,23.1,23.44166667
10553,-105,5,NA,NA,NA,NA,NA,NA,NA,NA,NA,NA,NA,NA,NA,NA
10554,-70,60,0.1,-22.475,-22.65,-18.05,-10.125,-1.725,3.75,7.775,7.55,3.9,-1.425,-7.65,-16.375,-6.458333333
10555,-55.25,45.88333333,NA,NA,NA,NA,NA,NA,NA,NA,NA,NA,NA,NA,NA,NA
10556,-50.75,45.78333333,NA,NA,NA,NA,NA,NA,NA,NA,NA,NA,NA,NA,NA,NA
10557,-50.75,45.5,NA,NA,NA,NA,NA,NA,NA,NA,NA,NA,NA,NA,NA,NA
10558,-55,45.5,NA,NA,NA,NA,NA,NA,NA,NA,NA,NA,NA,NA,NA,NA
10559,-55,65,NA,NA,NA,NA,NA,NA,NA,NA,NA,NA,NA,NA,NA,NA
10560,-60,45,NA,NA,NA,NA,NA,NA,NA,NA,NA,NA,NA,NA,NA,NA
10561,-122,36,0.5,8.75,9.075,8.8875,10.075,12.0125,14.425,16.1875,16.45,16.025,14.1125,10.9625,9.1875,12.17916667
10562,-114,27,0.1,16.15,16.625,17.675,19.15,20.15,21.425,24.075,25.8,25.975,22.675,18.975,16.95,20.46875
10563,-150,60,0.1,-8.575,-8.175,-7.625,-4.075,0.675,5.175,8.375,8.075,4.1,-1.725,-6.075,-7.525,-1.447916667
10564,-125,51,0.1,-3.925,-2.2,-0.275,2.7,6.575,9.975,12.55,12.7,9.25,4.825,-0.675,-4,3.958333333
10565,152.7666667,-27.33333333,0.1,23.85,23.5,22.35,19.75,16.45,13.75,12.8,13.85,16.45,19.3,21.55,23.25,18.90416667
10566,152.7666667,-27.33333333,0.1,23.85,23.5,22.35,19.75,16.45,13.75,12.8,13.85,16.45,19.3,21.55,23.25,18.90416667
10567,152.7666667,-27.33333333,0.1,23.85,23.5,22.35,19.75,16.45,13.75,12.8,13.85,16.45,19.3,21.55,23.25,18.90416667
10568,19,64.5,0.1,-12.725,-11.325,-6.175,-0.375,6.25,12.375,14.625,12.75,7.65,2.025,-5.275,-10.025,0.814583333
10569,18,65,0.1,-13.75,-11.5,-6.4,-0.725,5.975,12.05,14.025,11.9,6.85,1.5,-6.375,-11.075,0.20625
10570,15.58333333,63.25,0.1,-9.6,-8.3,-3.9,1.1,7.2,12.4,14.2,12.7,8.2,3.4,-2.9,-7.2,2.275
10571,15.41666667,59.66666667,0.1,-3.8,-4.5,-0.75,3.7,9.95,14.85,16.6,14.75,10.7,5.95,0.7,-3.1,5.420833333
10572,20,65.5,0.1,-14.35,-13.3,-7.825,-1.725,5,11.475,13.925,11.975,6.625,0.625,-6.975,-11.85,-0.533333333
10573,22.91666667,63.08333333,0.1,-8.4,-8.8,-4.3,1.9,8,13.4,15.3,13.6,8.8,3.9,-1.8,-6.2,2.95
10574,-122.3333333,37.5,0.1,9.325,10.5,11.075,12.225,13.875,15.85,17.125,17.475,17.2,15.3,11.975,9.475,13.45
10575,18.91666667,47.53333333,0.1,-1.7,0.9,5.2,10.5,15.3,18.4,20.2,19.8,16.1,10.7,4.6,0.3,10.025
10576,-153,67,0.1,-29.725,-28.225,-22.125,-10.825,1.975,10.35,12.4,9.225,2.075,-9.3,-21.1,-27.625,-9.408333333
10577,-144,65.5,0.1,-27.375,-23.675,-15.55,-4.55,6.45,13.6,15.35,12.175,4.975,-6.55,-19.7,-25.925,-5.897916667
10578,-116.5,45.5,0.1,-4.8,-2.225,0.4,4.475,8.675,12.825,16.65,16.35,11.675,6.375,0.25,-4.075,5.547916667
10579,14.5,50.33333333,0.1,-1.575,-0.175,3.8,8.25,13.275,16.35,18.075,17.85,13.925,8.975,3.425,0.125,8.525
10580,-3.216666667,55.95,0.1,2.6,2.6,4.7,7,9.8,12.8,14.4,14,11.9,9,5.3,3.6,8.141666667
10581,12.56666667,55.71666667,0.1,0.2,0.2,2.4,6.5,11.6,15.4,17.1,16.9,13.6,9.5,4.4,2.2,8.333333333
10582,-1.25,54.25,0.1,2.7,2.9,4.9,7.2,10.2,13.3,14.9,14.7,12.6,9.3,5.6,3.6,8.491666667
10583,-1.5,52.91666667,0.1,3.15,3.65,6,8.4,11.8,15,16.65,16.15,13.75,10.3,6.2,4.2,9.604166667
10584,-4.083333333,52.41666667,0.1,4.2,3.9,5.9,8,11,13.7,14.6,14.7,13,10.4,7,5.2,9.3
10585,-2.716666667,52.06666667,0.1,3.5,3.8,5.7,8.4,11.5,14.6,16.1,15.7,13.4,10.1,6.3,4.5,9.466666667
10586,-2.666666667,51.41666667,0.1,3.55,3.9,5.6,8.25,11.5,14.8,16.45,16,13.45,10,6.35,4.45,9.525
10587,5.666666667,51.7,0.1,1.95,2.45,5.2,8.4,12.5,15.5,16.95,16.85,14.45,10.6,5.9,3.05,9.483333333
10588,-5.25,50.25,0.1,4.4,4.6,6,8.1,10.7,14,15.8,15.6,13.6,10.6,7.2,5.2,9.65
10589,-3.45,50.63333333,0.1,3.8,4.5,5.9,8.5,11.2,14.7,16.4,15.6,13.3,10.2,6.7,4.8,9.633333333
10590,-108,56,0.1,-22,-17,-10.625,1.05,8.4,14.05,16.35,14.725,8.675,2.675,-8.35,-18.2,-0.854166667
10591,-105,57,0.1,-23.025,-18.975,-12.325,-1.5,6.75,12.7,15.675,13.8,7.4,0.65,-11.7,-20.675,-2.602083333
10592,-109,58.5,0.1,-24.95,-20.2,-13.325,-1.45,7.3,13.4,15.95,14.4,7.55,1,-10.7,-20.8,-2.652083333
10593,-103,56,0.1,-24.2,-19.6,-12.35,-1.125,7.15,13.025,16.25,14.65,8.225,1.75,-10,-19.925,-2.179166667
10594,-107.5,54,0.1,-19.425,-15.65,-9.425,2,9.875,14.525,16.825,15.175,9.425,3.825,-7.8,-15.45,0.325
10595,-105.75,53.5,0.1,-19.75,-16.1,-9.3,2.1,10.1,14.8,17.15,15.45,9.75,3.35,-8.15,-15.95,0.2875
10596,-102.5,54,0.1,-22.3,-17.375,-10.45,1.05,9.525,15.15,18.35,16.175,9.925,3.55,-7.55,-17.2,-0.095833333
10597,-112.5,40.41666667,0.1,-3.65,-1.3,1.55,5.95,11.25,16.6,21.5,20.3,14.95,8.6,1.85,-2.95,7.8875
10598,-3,53.5,0.1,3.375,3.45,5.675,7.9,11.2,14.125,15.575,15.25,13.225,10.2,6.375,4.425,9.23125
10599,147.5,-33,0.1,25.425,25.075,22.375,17.575,13.225,10.1,9.15,10.6,13.475,17.375,20.425,23.75,17.37916667
10600,151.6666667,-32.5,0.1,22.875,22.725,21.225,18.275,14.675,12.225,11.075,12.3,14.625,17.575,19.8,21.975,17.44583333
10601,151.4166667,-31.66666667,0.1,19.85,19.65,17.85,14.35,10.2,7.9,6.7,7.9,10.5,13.9,16.35,18.95,13.675
10602,148.5,-33,0.1,22.975,22.6,20.075,15.525,11.275,8.4,7.275,8.55,11.25,14.975,17.875,21.15,15.16041667
10603,151,-29,0.1,24.75,24.275,22.325,18.475,13.9,10.6,9.725,11.225,14.275,18.1,21.025,23.825,17.70833333
10604,147.5,-34,0.1,24.625,24.5,21.6,16.8,12.55,9.475,8.425,9.825,12.5,16.15,19.3,22.7,16.5375
10605,147.5,-30,0.1,27.825,27.075,24.675,20.075,15.35,12.175,11.175,12.825,16.3,20.375,23.425,26.725,19.83333333
10606,-1.166666667,49.5,0.1,5.866666667,5.9,7.666666667,9.7,12.56666667,15.2,17.1,17.23333333,15.76666667,12.56666667,9.033333333,6.933333333,11.29444444
10607,-1.833333333,48.88333333,0.1,5.9,5.9,8.2,10.4,13.4,16.2,18.2,18.1,16.3,12.7,9,6.6,11.74166667
10608,-1.5,55.25,0.1,3,3.1,5.3,7.2,9.9,12.9,14.3,14.1,12.4,9.5,6,4,8.475
10609,-4.083333333,52.5,0.1,4.1,3.9,5.85,7.95,10.95,13.65,14.7,14.75,13,10.35,6.9,5.1,9.266666667
10610,12,69.5,NA,NA,NA,NA,NA,NA,NA,NA,NA,NA,NA,NA,NA,NA
10611,25.5,70,0.1,-16.525,-15.8,-11.175,-5.725,0.875,7.075,10.225,8.25,3.425,-3.25,-10.1,-14.825,-3.9625
10612,-53.16666667,49.7,0.5,-5,-5.8,-2.75,1.45,6,10.45,15.25,15.1,11.5,6.7,2.5,-2.5,4.408333333
10613,-119.7333333,47.66666667,0.1,-4.9,-1.35,3.2,7.9,12.6,16.75,20.55,20.1,15.2,8.35,1,-3.9,7.958333333
10614,-119.7333333,48.53333333,0.1,-6.9,-3.3,0.7,5.4,10.1,13.7,17.4,17.1,12.5,6,-1.2,-5.9,5.466666667
10615,138.5833333,-34.5,0.1,22.7,22.75,20.6,17.1,13.85,11.4,10.55,11.3,13.05,15.7,18.6,20.85,16.5375
10616,-6.05,54.51666667,0.1,3.3,3.45,4.95,6.85,9.8,12.8,14.25,13.95,11.95,9.35,5.55,4.2,8.366666667
10617,-121.9666667,45.61666667,0.1,0.4,2.1,3.6,6.1,9.4,13,16.1,16.3,13.4,9,3.8,1,7.85
10618,-121.1666667,45.61666667,0.1,0.25,3.4,6.2,9.6,13.65,17.3,20.65,20.35,16.5,10.6,4.65,1.25,10.36666667
10619,35.75,-3.5,0.1,21.7,21.9,22.1,21.85,19.9,18.7,17.6,18.5,20.1,21.1,21.75,21.7,20.575
10620,15,63.5,0.1,-9.375,-8.15,-4.025,0.75,6.85,11.925,13.65,12.325,7.85,3.15,-3,-6.95,2.083333333
10621,21,67,0.1,-14.75,-13.85,-8.675,-2.725,3.975,10.7,13.275,11.325,5.925,-0.4,-7.75,-12.475,-1.285416667
10622,-4.383333333,53.13333333,0.1,4.7,4.5,6,8,10.9,13.6,15.2,15.2,13.4,10.9,7.3,5.6,9.608333333
10623,21,69,0.1,-14.55,-13.775,-10.1,-5.175,1.1,7.15,9.85,8.05,3.1,-2.825,-9.175,-12.9,-3.270833333
10624,7.5,60.25,0.1,-9.45,-9.85,-7.5,-4,1.35,5.8,7.85,7.55,3.9,0.15,-4.9,-7.6,-1.391666667
10625,-1,52.5,0.1,2.525,3.175,5.775,8.325,11.6,14.725,16.675,16.075,13.6,9.975,5.8,3.8,9.3375
10626,-1,52.5,0.1,2.525,3.175,5.775,8.325,11.6,14.725,16.675,16.075,13.6,9.975,5.8,3.8,9.3375
10627,-68.16666667,47.5,0.1,-13.525,-11.95,-6.075,1.7,8.725,14.35,17.15,15.6,10.675,4.95,-1.575,-9.95,2.50625
10629,112,-26,NA,NA,NA,NA,NA,NA,NA,NA,NA,NA,NA,NA,NA,NA
10630,-53,65,0.5,-11.08333333,-11.5,-11.43333333,-5.416666667,1.066666667,4.966666667,7.6,7.083333333,3.8,-1.4,-5.366666667,-8.983333333,-2.555555556
10631,-122.1333333,37.33333333,0.1,9,10.4,11.05,12.65,14.9,17.4,19.25,19.3,18.45,15.9,11.9,9.15,14.1125
10632,-122.1333333,37.33333333,0.1,9,10.4,11.05,12.65,14.9,17.4,19.25,19.3,18.45,15.9,11.9,9.15,14.1125
10633,-104.6333333,50.5,0.1,-16.9,-13.1,-6.65,3.55,11,15.9,18.7,17.7,11.25,4.9,-5.45,-13.4,2.291666667
10634,-53.5,47.5,0.1,-3.7,-4.275,-1.975,1.95,5.925,10.1,14.475,15.15,11.725,7.175,3.45,-1.225,4.897916667
10635,17.5,59,0.1,-2.325,-2.75,0.225,4.725,10.5,15.425,17.25,16.25,12.025,7.6,2.65,-0.65,6.74375
10636,174.8166667,-36.3,0.1,19.2,19.5,18.4,16,13.5,11.5,10.5,11.1,12.4,14,15.8,17.5,14.95
10637,10,57,0.1,-0.825,-0.8,1.825,5.75,10.775,14.35,15.95,15.6,12.5,8.675,3.85,2.375,7.502083333
10638,-2,54.5,0.1,1.425,1.575,3.55,5.875,9.075,12.275,13.775,13.475,11.35,8.225,4.3,2.225,7.260416667
10639,-2,52.5,0.1,3,3.225,5.325,7.825,10.975,14.175,15.625,15.3,13.275,10.075,6.05,4.05,9.075
10640,0,53,0.1,2.725,3.625,6.175,8.55,11.675,14.875,16.775,16.4,14.1,10.4,6.225,4.05,9.63125
10641,0,51.5,0.1,4.25,4.525,6.725,9.2,12.6,15.95,17.875,17.375,14.925,11.3,7.275,5.075,10.58958333
10642,-3.5,52.5,0.1,1.85,2.075,4.275,6.775,10.075,13.15,14.475,14.05,11.8,8.5,4.825,3,7.904166667
10643,-2.5,51.5,0.1,3.6,3.9,5.625,8.225,11.45,14.675,16.4,15.925,13.475,10.15,6.375,4.55,9.529166667
10644,6.366666667,52.81666667,0.1,1.5,1.8,4.6,7.3,11.8,14.7,16.1,16.2,13.8,10.1,5.5,2.7,8.841666667
10645,6.366666667,52.81666667,0.1,1.5,1.8,4.6,7.3,11.8,14.7,16.1,16.2,13.8,10.1,5.5,2.7,8.841666667
10646,6.366666667,52.81666667,0.1,1.5,1.8,4.6,7.3,11.8,14.7,16.1,16.2,13.8,10.1,5.5,2.7,8.841666667
10647,6.366666667,52.81666667,0.1,1.5,1.8,4.6,7.3,11.8,14.7,16.1,16.2,13.8,10.1,5.5,2.7,8.841666667
10648,6.5,52.81666667,0.1,1.45,1.8,4.55,7.4,11.8,14.75,16.15,16.2,13.8,10.05,5.5,2.65,8.841666667
10649,-1.316666667,51.75,0.1,3.5,3.9,6,8.6,11.9,14.9,16.5,16.2,14,10.7,6.7,4.7,9.8
10650,-15,64.5,0.1,-2.675,-2.475,-2.2,-0.4,2.35,5.2,6.95,6.925,4.8,1.95,-0.925,-2.35,1.429166667
10651,-16,66.5,0.1,-2.4,-2.3,-2.1,-0.1,3.125,6.275,8.025,7.925,5.725,2.625,-0.325,-1.975,2.041666667
10652,-16,65.5,0.1,-3.825,-3.625,-3.45,-1.5,1.7,4.8,6.625,6.525,4.025,0.925,-2.075,-3.525,0.55
10653,3.7,50.96666667,0.1,2.4,3.4,6,9.1,12.7,15.7,17.3,17.4,15.4,11.4,6.6,3.7,10.09166667
10654,4.766666667,51.58333333,0.1,2.3,3,5.4,8.1,12.5,15.5,17,17,14.8,11.1,6.2,3.3,9.683333333
10655,5,53.26666667,0.1,2.35,2.35,4.3,4.05,11.1,14.05,16.05,16.35,14.25,10.85,6.55,3.8,8.8375
10656,22.5,63,0.1,-8.175,-8.525,-4.15,2,8.05,13.325,15.25,13.575,8.875,3.9,-1.7,-6,3.035416667
10657,7.5,46.25,0.1,-4,-3.15,-0.35,2.85,7.15,10.65,13.05,12.4,9.95,5.55,0.6,-2.5,4.35
10658,-85,76,0.5,-32.525,-33.895,-32.21,-23.615,-10.09,1.125,5.025,2.77,-5.29,-16.75,-26.025,-29.98,-16.78833333
10659,-105,55,0.1,-21.7,-17.275,-10.25,1.025,8.825,14.275,16.975,15.125,9.1,2.325,-9.175,-18.15,-0.741666667
10660,79.83333333,9.166666667,0.1,25.73333333,26.43333333,27.96666667,29.16666667,29.53333333,29.03333333,28.5,28.4,28.73333333,27.83333333,26.16666667,25.83333333,27.77777778
10661,-116,64,0.1,-30.025,-27.275,-20.6,-9.525,2.8,11.5,15.175,12.975,5.525,-3.275,-16.025,-24.275,-6.91875
10662,-65,47,0.1,-9.625,-8.4,-3.35,2.85,9.525,15.325,19.175,17.975,12.975,7.175,1.225,-6.425,4.86875
10663,-110,60,0.1,-26.625,-22.425,-15.675,-3.65,6,12.475,15.35,13.8,6.9,-0.125,-12.3,-22.025,-4.025
10664,-118,52,0.1,-11.7,-8.475,-5.025,-0.1,4.75,8.8,11.45,10.825,6.325,1.225,-6.175,-11.1,0.066666667
10665,-91.16666667,46.25,0.1,-13.65,-10.9,-3.85,4.15,10.75,15.7,19.05,17.6,12.4,6.7,-1.55,-10.15,3.854166667
10666,-118,48.7,0.1,-5.3,-1.8,2.7,7.45,12,16,19.35,18.85,13.45,6.7,0.05,-4.1,7.1125
10667,171.7666667,-43.9,0.1,16.2,16.2,14.6,11.9,8.8,6.1,5.6,6.9,9.2,11.2,13.1,15,11.23333333
10668,-2,52.66666667,0.1,3.05,3.325,5.45,7.925,11.1,14.325,15.75,15.4,13.325,10.125,6.075,4.1,9.1625
10669,-64.5,45.06666667,0.1,-6,-6.1,-1.55,4,10.05,15.25,18.7,17.95,13.7,8.4,3.3,-3.4,6.191666667
10670,-122.1333333,37.33333333,0.1,9,10.4,11.05,12.65,14.9,17.4,19.25,19.3,18.45,15.9,11.9,9.15,14.1125
10671,-152,62,0.1,-15.175,-13,-8.9,-2,5.025,10.65,12.7,11.025,6.1,-2.475,-10.025,-14.4,-1.70625
10672,17.5,69.25,0.1,-4.7,-4.85,-3.3,-0.2,3.55,7.7,10.55,10.1,6.55,2.6,-1.75,-3.65,1.883333333
10673,-3.666666667,56.41666667,0.1,1.45,1.7,4.2,6.3,9.4,13,14.4,13.95,11.1,8.2,4.4,2.45,7.545833333
10674,-2.466666667,56.96666667,0.1,2,2.1,4.1,6.1,8.8,12.1,13.4,13.2,11.2,8.4,4.6,2.9,7.408333333
10675,7.5,54,0.5,1.25,1.183333333,3.608333333,7.108333333,11.375,14.75833333,16.34166667,16.50833333,14.25833333,10.38333333,5.925,2.908333333,8.800694444
10676,8.5,54.5,0.1,0.95,0.7,2.825,6.675,11.05,14.5,16.3,16.45,14.075,10.05,5.95,2.95,8.539583333
10677,8,53.75,0.1,1.25,1.25,3.45,7,11.35,14.75,16.35,16.4,14,10.2,5.9,3.05,8.745833333
10678,6,53.5,0.1,1.65,1.75,4.1,6.05,11.2,14.3,15.9,16.15,13.95,10.3,5.95,3.05,8.695833333
10679,7.866666667,54.15,0.5,1.257142857,1.185714286,3.385714286,6.942857143,11.27142857,14.67142857,16.38571429,16.52857143,14.18571429,10.3,6.014285714,3.085714286,8.767857143
10680,-57,-18,0.1,28.15,27.775,27.45,25.725,23.65,22.7,23.15,24.525,26.65,27.7,28.05,27.375,26.075
10681,-65,-5,0.1,26.2,26.35,26.5,26.325,26.3,26.1,25.975,26.65,26.85,26.8,26.7,26.45,26.43333333
10682,-72,-3,0.1,25.975,26.25,26.05,26.075,25.8,25.325,25.15,25.475,25.875,26.425,26.625,26.5,25.96041667
10683,27,65,0.1,-11.9,-11.775,-6.65,-0.3,6.55,12.825,15.1,12.85,7.475,1.9,-4.325,-9.5,1.020833333
10684,25.4,64.83333333,0.1,-9.8,-10,-5.55,0.7,7.2,13.45,15.85,13.8,8.45,2.95,-3.1,-7.7,2.1875
10685,25.11666667,65,0.1,-9.8,-10,-5.55,0.55,7.05,13.4,15.9,13.85,8.45,2.95,-3.15,-7.75,2.158333333
10686,4.766666667,52.15,0.1,2.4,2.8,5,7,12.1,15,16.7,16.8,14.5,11,6.4,3.6,9.441666667
10687,5.05,52.13333333,0.1,2.2,2.6,5,7.5,12.1,15,16.7,16.7,14.2,10.7,6.1,3.2,9.333333333
10688,27,64,0.1,-11.4,-11.325,-6.1,0.125,7.05,13,15.2,13.025,7.75,2.325,-3.7,-8.8,1.429166667
10689,-0.641666667,51.40416667,0.1,2.9,3.7,6.3,9.2,13,15.7,17.8,17,14.1,10.8,6.3,3.8,10.05
10690,27,68,0.1,-15.175,-14.9,-9.875,-3.3,3.75,10.35,13.05,10.7,5.375,-0.875,-7.375,-13.425,-1.808333333
10691,37.63333333,54.18333333,0.1,-9.7,-8.9,-3.5,6,13.2,17,18.4,17,11.6,5.1,-1.7,-6.2,4.858333333
10692,35,32.73333333,0.1,12.75,13.35,14.85,17.8,21.75,24.35,26.2,27,25.65,23.25,19.45,14.75,20.09583333
10693,34.83333333,31.58333333,0.1,12.4,13.1,14.95,18.05,21.8,24.1,25.65,26.1,24.6,22.5,18.7,14.3,19.6875
10694,18.66666667,59.63333333,0.1,-2.75,-3.3,-0.35,4.25,10.05,14.95,17,16.1,11.7,6.5,1.85,-1.6,6.2
10695,11.5,57.5,0.5,-1.427272727,-1.654545455,1.272727273,5.4,10.75454545,15.05454545,16.17272727,16.03636364,12.83636364,8.936363636,4.127272727,0.618181818,7.343939394
10696,-1.9,54.98333333,0.1,2.25,2.4,4.5,6.7,9.6,12.65,14.1,13.9,11.85,8.95,5.2,3.1,7.933333333
10697,-1.75,55.08333333,0.1,2.7,2.8,4.9,7,9.7,12.8,14.2,14.1,12.2,9.3,5.7,3.6,8.25
10698,-1.7,53.05,0.1,2.6,2.8,4.9,7.4,10.8,14,15.6,15.1,12.8,9.5,5.4,3.5,8.7
10699,-2.016666667,54.88333333,0.1,2.1,2.2,4.3,6.55,9.55,12.65,14.1,13.85,11.75,8.85,5.05,2.9,7.820833333
10700,20,43,0.1,-2.95,-1.225,2.625,6.125,10.725,14,16.2,16.2,13.075,8.5,2.775,-1.2,7.070833333
10701,-71,43,0.1,-5.05,-3.75,1.375,7.15,13.075,18.3,21.2,20.125,15.725,10,4.375,-2.375,8.345833333
10702,-0.666666667,51.8,0.1,2.55,3.1,5.7,8.4,12.1,14.9,17.05,16.35,13.7,10.3,5.95,3.5,9.466666667
10703,-0.666666667,51.8,0.1,2.55,3.1,5.7,8.4,12.1,14.9,17.05,16.35,13.7,10.3,5.95,3.5,9.466666667
10705,26.63333333,55.61666667,0.1,-6.7,-5.7,-1.4,5.6,12.1,15.6,16.9,16.1,11.6,6.5,0.9,-3.7,5.65
10706,23,59,0.1,-4.5,-5,-1.733333333,3.933333333,10.16666667,14.83333333,16.93333333,16.1,11.66666667,6.733333333,1.666666667,-2.233333333,5.713888889
10707,13.41666667,52.53333333,0.1,-0.9,-0.1,3.8,8.5,13.4,16.7,18.5,17.9,14.3,10.2,4.4,0.9,8.966666667
10708,-94.43333333,49.78333333,0.1,-18,-14.4,-6.8,3,10.9,16.6,19.9,18.1,12.1,5.3,-4.5,-13.9,2.358333333
10709,-94.43333333,49.78333333,0.1,-18,-14.4,-6.8,3,10.9,16.6,19.9,18.1,12.1,5.3,-4.5,-13.9,2.358333333
10710,-94.43333333,49.78333333,0.1,-18,-14.4,-6.8,3,10.9,16.6,19.9,18.1,12.1,5.3,-4.5,-13.9,2.358333333
10711,-94.43333333,49.78333333,0.1,-18,-14.4,-6.8,3,10.9,16.6,19.9,18.1,12.1,5.3,-4.5,-13.9,2.358333333
10712,-94.43333333,49.78333333,0.1,-18,-14.4,-6.8,3,10.9,16.6,19.9,18.1,12.1,5.3,-4.5,-13.9,2.358333333
10713,-121.8333333,36.25,0.1,9.3,9.65,9.5,10.5,12.1,14.1,15.35,15.75,15.8,14.3,11.55,9.85,12.3125
10714,23.08333333,63.1,0.1,-8.6,-8.9,-4.4,1.7,7.9,13.3,15.3,13.5,8.7,3.8,-2,-6.4,2.825
10715,-125,53,0.1,-11.225,-7.7,-3.65,0.825,5.325,9.025,11.725,11.55,7.525,2.65,-5,-10.275,0.897916667
10716,-113,55,0.1,-16.775,-12.7,-6.5,3.3,9.85,13.9,16.15,14.575,9.15,3.95,-6.475,-13.8,1.21875
10717,-105,53,0.1,-20.3,-15.75,-9.4,2.075,10.35,15,17.625,16.075,10.25,3.775,-7.3,-15.375,0.585416667
10718,-111,52,0.1,-17.575,-12.6,-7.15,2.925,10.05,14.2,16.925,15.825,9.975,4,-5.925,-12.85,1.483333333
10719,-101,50,0.1,-17.4,-13.7,-6.8,3.8,11.4,16.325,19.2,17.775,11.525,5.425,-4.975,-13.55,2.41875
10720,-94,57,0.1,-26.55,-23.675,-17.3,-6.5,2.35,9.275,14,12.725,6.225,-0.75,-12.25,-22.875,-5.44375
10721,-82,52,0.1,-21.425,-18.825,-12,-2.725,5.625,12,15.925,14.775,9.45,3.55,-5.075,-15.975,-1.225
10722,-85,48,0.1,-14.6,-12.375,-6.875,1.375,8.525,12.6,15.6,15.45,10.725,5.3,-2.1,-10.725,1.908333333
10723,-40,70,0.1,-27.275,-27.975,-28.775,-22.45,-13.625,-7.925,-4.9,-6.7,-12.9,-19.025,-24.4,-26.85,-18.56666667
10724,-106.9833333,38.96666667,0.1,-11.9,-10.8,-7.85,-2.7,3.1,8.2,11.4,10.4,6.8,1.85,-5.2,-10.45,-0.595833333
10725,-2.833333333,56.41666667,0.1,2.4,2.5,4.85,7.4,9.95,13.55,14.55,13.95,11.85,8.85,5.1,3.3,8.1875
10726,-4.25,57.53333333,0.1,1.6,1.8,4.4,5.8,9.1,13,14.6,14.2,11,8.2,4.7,2.6,7.583333333
10727,22.91666667,63,0.1,-8.4,-8.8,-4.25,1.9,8.05,13.4,15.25,13.6,8.8,3.9,-1.8,-6.2,2.954166667
10728,-73,45,0.1,-9.375,-8.125,-1.9,5.775,12.7,17.825,20.525,19.1,14.525,8.425,2.1,-5.825,6.3125
10729,24,52.75,0.1,-4.95,-3.95,0.35,7.2,13.05,16.35,17.65,17.05,12.85,7.65,2.25,-2.35,6.929166667
10730,24,52.75,0.1,-4.95,-3.95,0.35,7.2,13.05,16.35,17.65,17.05,12.85,7.65,2.25,-2.35,6.929166667
10731,24,52.75,0.1,-4.95,-3.95,0.35,7.2,13.05,16.35,17.65,17.05,12.85,7.65,2.25,-2.35,6.929166667
10732,2,47,0.1,3.05,4.05,7.575,10.425,13.775,17.025,18.9,18.625,16.4,11.675,6.9,4.225,11.05208333
10733,6,53,0.1,1.675,1.9,4.4,6.45,11.5,14.475,16.05,16.25,13.9,10.25,5.85,2.975,8.80625
10734,9,51,0.1,-0.85,0.45,3.65,7.8,11.85,15.15,16.625,16.3,13.475,8.975,3.825,0.7,8.1625
10735,5,49,0.1,1.1,2.4,5.95,9.375,13.05,16.175,17.65,17.375,15.075,10.25,5.425,2.55,9.697916667
10736,60,62.5,0.1,-20.675,-18.325,-9.35,-1.2,5.525,12.575,16.2,12.575,6.7,-1.85,-11.3,-17.575,-2.225
10737,1.333333333,52.75,0.1,3.55,4.35,6.4,9.05,12,15.5,17.25,17.2,15.3,11.15,7.2,4.9,10.32083333
10738,169.2333333,-45.05,0.1,14.7,14.7,12.4,9.1,5.5,2.2,1.9,3.7,6.5,8.9,11.1,13.2,8.658333333
10744,17,63,0.1,-10.5,-9.175,-4.475,0.75,6.675,12.25,14.175,12.725,8.15,3.2,-3.45,-8.05,1.85625
10745,26,59,0.1,-6.7,-6.75,-2.85,3.6,10.225,14.85,16.7,15.5,10.75,5.7,0.275,-4.05,4.770833333
10746,25,57.5,0.1,-6.025,-6.025,-2.15,4.35,10.925,15.125,16.775,16.025,11.65,6.725,1.275,-3.125,5.460416667
10747,24,56,0.1,-5.275,-4.775,-0.7,5.85,12.025,15.6,17.025,16.5,12.225,7.3,1.95,-2.6,6.260416667
10748,25.5,47,0.1,-5.975,-4.6,-0.4,4.975,10.075,13.2,14.875,14.6,11.1,6.125,0.825,-3.525,5.10625
10749,-3.583333333,57.16666667,0.1,-1.25,-1,1.85,3.15,6.35,10.7,12.55,12,8.7,5.7,2.25,-0.15,5.070833333
10750,-0.166666667,50.83333333,0.1,3.675,4.125,5.975,8.575,11.875,15.025,16.8,16.5,14.1,10.875,6.9,4.65,9.922916667
10751,-2.233333333,51.88333333,0.1,3.9,4.2,6,8.6,11.7,14.8,16.4,16.1,13.9,10.8,6.8,4.9,9.841666667
10752,-1.5,54,0.1,3.225,3.35,5.375,7.725,10.825,14.025,15.55,15.3,13.15,10,6.025,4,9.045833333
10753,-1.5,54,0.1,3.225,3.35,5.375,7.725,10.825,14.025,15.55,15.3,13.15,10,6.025,4,9.045833333
10754,-1.5,54,0.1,3.225,3.35,5.375,7.725,10.825,14.025,15.55,15.3,13.15,10,6.025,4,9.045833333
10755,-4,40,0.1,5.65,7.2,10.325,13.075,16.475,21.625,25.525,24.675,20.825,15,9.725,6.325,14.70208333
10756,35,55,0.1,-9.15,-8.525,-3.825,5.125,12.325,16.325,17.875,16.3,10.85,5.05,-1.475,-5.75,4.59375
10757,18,49,0.1,-3.325,-1.25,2.825,7.8,12.525,15.8,17.25,16.95,13.5,8.625,3.05,-1.3,7.704166667
10758,8,47,0.1,-1.75,-0.775,2.15,5.5,9.675,13.075,15.35,14.7,12.15,7.775,2.625,-0.475,6.666666667
10759,12,56,0.1,-0.75,-0.725,1.75,6,11.175,15.025,16.9,16.7,13.75,9.5,4.975,2.925,8.102083333
10760,12,56,0.1,-0.75,-0.725,1.75,6,11.175,15.025,16.9,16.7,13.75,9.5,4.975,2.925,8.102083333
10761,12,56,0.1,-0.75,-0.725,1.75,6,11.175,15.025,16.9,16.7,13.75,9.5,4.975,2.925,8.102083333
10762,12,56,0.1,-0.75,-0.725,1.75,6,11.175,15.025,16.9,16.7,13.75,9.5,4.975,2.925,8.102083333
10763,-100,45,0.1,-10.8,-7.525,-1.25,6.975,13.575,19.125,22.875,21.7,15.475,8.725,-0.55,-8.35,6.664583333
10764,-95.65,36.575,0.1,1.2,4.2,9.3,15.3,19.8,24.4,27.4,26.7,22.2,16,9.2,3.3,14.91666667
10765,-95.65,36.575,0.1,1.2,4.2,9.3,15.3,19.8,24.4,27.4,26.7,22.2,16,9.2,3.3,14.91666667
10766,-95.65,36.575,0.1,1.2,4.2,9.3,15.3,19.8,24.4,27.4,26.7,22.2,16,9.2,3.3,14.91666667
10767,-95.65,36.575,0.1,1.2,4.2,9.3,15.3,19.8,24.4,27.4,26.7,22.2,16,9.2,3.3,14.91666667
10768,18,65,0.1,-13.75,-11.5,-6.4,-0.725,5.975,12.05,14.025,11.9,6.85,1.5,-6.375,-11.075,0.20625
10769,-99,49.5,0.1,-17.475,-13.575,-6.875,3.625,11.4,16.625,19.475,18.175,12.175,5.975,-4.525,-13.25,2.645833333
10770,-94.5,46.25,0.1,-14.1,-10.55,-3.4,5.6,12.9,18.25,21.1,19.6,13.9,7.6,-1.65,-10.7,4.879166667
10771,-84.11666667,49.06666667,0.1,-18.2,-15.4,-9.5,0.3,7.8,13.5,16.2,14.7,9.3,4.2,-4.2,-14.5,0.35
10772,-80.16666667,38.33333333,0.1,-3.625,-2,3.125,8.275,13.525,16.875,18.9,18.2,15.125,9.425,4.025,-1.3,8.379166667
10773,-105,55,0.1,-21.7,-17.275,-10.25,1.025,8.825,14.275,16.975,15.125,9.1,2.325,-9.175,-18.15,-0.741666667
10774,55,62,0.1,-17.6,-15.25,-7.525,0.425,7.125,13.675,17.025,13.575,7.475,-0.525,-8.5,-14,-0.341666667
10775,104,50.5,0.1,-21.725,-18.725,-9.675,-0.05,7.425,13.325,15.125,13.025,6.825,-1.7,-11.625,-18.85,-2.21875
10776,63.5,54.73333333,0.1,-16.55,-15.4,-7.95,4.55,12.6,17.7,19.7,16.8,11.3,2.6,-6.65,-12.85,2.154166667
10777,30.08333333,59.53333333,0.1,-8,-7.7,-3.3,3.7,10.3,15.4,17.3,15.8,10.6,4.9,-0.7,-5.1,4.433333333
10778,52,55,0.1,-13.95,-12.775,-6.025,4.825,13.225,17.525,19.525,17.325,11.35,3.225,-4.55,-10.325,3.28125
10779,144.9666667,-37.75,0.1,19.9,20.2,18.5,15.3,12.3,9.9,9.3,10.2,11.8,14,16,18.2,14.63333333
10780,135.7833333,35.08333333,0.1,2.2,2.7,5.6,11.7,16.5,20.6,24.9,26.1,21.8,15.5,9.9,4.9,13.53333333
10782,144.9666667,-37.75,0.1,19.9,20.2,18.5,15.3,12.3,9.9,9.3,10.2,11.8,14,16,18.2,14.63333333
10783,10,50,0.1,-0.9,0.5,4.45,8.75,13,16.3,18.05,17.55,14.35,9.25,4.05,0.7,8.8375
10784,NA,NA,NA,NA,NA,NA,NA,NA,NA,NA,NA,NA,NA,NA,NA,NA
10785,-117.15,43.76666667,0.1,-2.4,1.6,6,10,14.7,19.1,22.9,21.9,16.5,10.2,3.8,-1.5,10.23333333
10786,-1,53.83333333,0.1,3.55,3.65,5.9,8.275,11.3,14.35,15.75,15.475,13.55,10.35,6.5,4.375,9.41875
10787,-100,45,0.1,-10.8,-7.525,-1.25,6.975,13.575,19.125,22.875,21.7,15.475,8.725,-0.55,-8.35,6.664583333
10788,-1.5,52.5,0.1,2.95,3.3,5.625,8.15,11.325,14.525,16.225,15.8,13.475,10.125,6.15,4.15,9.316666667
10789,NA,NA,NA,NA,NA,NA,NA,NA,NA,NA,NA,NA,NA,NA,NA,NA
10790,4,51,0.1,2.4,3.575,6.1,9.225,12.975,16.025,17.475,17.5,15.575,11.6,6.625,3.625,10.225
10792,-16,62,NA,NA,NA,NA,NA,NA,NA,NA,NA,NA,NA,NA,NA,NA
10793,-4,61,NA,NA,NA,NA,NA,NA,NA,NA,NA,NA,NA,NA,NA,NA
10794,0,60,NA,NA,NA,NA,NA,NA,NA,NA,NA,NA,NA,NA,NA,NA
10795,4,61,NA,NA,NA,NA,NA,NA,NA,NA,NA,NA,NA,NA,NA,NA
10796,-14,57,NA,NA,NA,NA,NA,NA,NA,NA,NA,NA,NA,NA,NA,NA
10797,-7,57,0.5,3.885714286,3.607142857,4.928571429,6.771428571,9.5,12.14285714,13.28571429,13.17857143,11.30714286,9.078571429,5.935714286,4.685714286,8.192261905
10798,0,57,NA,NA,NA,NA,NA,NA,NA,NA,NA,NA,NA,NA,NA,NA
10799,6,57,NA,NA,NA,NA,NA,NA,NA,NA,NA,NA,NA,NA,NA,NA
10800,-14,53,NA,NA,NA,NA,NA,NA,NA,NA,NA,NA,NA,NA,NA,NA
10801,-8,50,NA,NA,NA,NA,NA,NA,NA,NA,NA,NA,NA,NA,NA,NA
10802,1,54,NA,NA,NA,NA,NA,NA,NA,NA,NA,NA,NA,NA,NA,NA
10803,5,54,NA,NA,NA,NA,NA,NA,NA,NA,NA,NA,NA,NA,NA,NA
10804,-122.3333333,37.91666667,0.1,9.35,11.25,12,13.4,15.2,17.15,18.05,18.35,18.55,16.6,12.8,9.65,14.3625
10805,24.08333333,-28.75,0.1,25.9,24.6,22.4,17.8,13.9,10.5,10.6,12.5,16.6,20.1,22.6,24.7,18.51666667
10806,-21.16666667,64.16666667,0.1,-0.95,-0.45,-0.275,1.95,5.2,7.8,9.65,9.375,6.65,3.475,0.55,-0.8,3.514583333
10807,-118.3333333,33.35,0.1,13.1,13.6,13.4,14.45,15.75,17.1,19.8,20.65,20,18.75,15.55,13.35,16.29166667
10808,-117.9166667,33.5,0.1,12.9,13.5,13.9,15.3,16.8,18.6,20.8,21.6,21,18.9,15.6,13,16.825
10809,-117.1666667,32.75,0.1,13.25,13.8,14.25,15.65,17.1,18.8,21.15,22,21.3,19.05,15.9,13.55,17.15
10810,-135,30,NA,NA,NA,NA,NA,NA,NA,NA,NA,NA,NA,NA,NA,NA
10811,29.5,67.75,0.1,-12.75,-12.85,-8.65,-3.1,3.1,9.25,12.1,10.15,5.2,-0.5,-6.15,-11,-1.266666667
10812,27,65,0.1,-11.9,-11.775,-6.65,-0.3,6.55,12.825,15.1,12.85,7.475,1.9,-4.325,-9.5,1.020833333
10813,27.5,63,0.1,-9.925,-9.75,-4.375,1.4,8.5,14.225,16.325,14.375,8.95,3.5,-2.275,-7.225,2.810416667
10814,30,63,0.1,-11.575,-11.4,-5.875,0.475,7.475,13.7,16.05,13.85,8.325,2.675,-3.35,-8.6,1.8125
10815,28,62,0.1,-8.975,-8.775,-3.875,2.175,9.15,14.7,16.775,14.875,9.4,3.85,-1.85,-6.4,3.420833333
10816,24.5,61.5,0.1,-8.05,-8.275,-3.725,2.4,8.975,14.075,15.95,14.325,9.225,4.2,-1.225,-5.55,3.527083333
10817,22.5,61,0.1,-6.575,-6.975,-3,2.9,9.175,14.025,16.025,14.575,9.7,4.8,-0.375,-4.35,4.160416667
10818,28,61,0.1,-7.925,-7.85,-3.35,3.025,9.875,15.1,17.125,15.225,10.025,4.5,-1.2,-5.6,4.079166667
10819,25,60.5,0.1,-6.55,-6.825,-2.925,3.025,9.65,14.675,16.575,15.125,10.025,5.125,0,-4.05,4.4875
10820,1,52.5,0.1,2.75,3.675,5.9,8.45,11.6,14.825,16.5,16.35,14.25,10.675,6.525,4.125,9.635416667
10821,-93,58.75,0.1,-28.3,-26.3,-20.5,-10.1,-1.2,6.4,12,11.3,5.3,-2,-13.3,-23.2,-7.491666667
10822,-80,50,0.1,-19.725,-17.675,-11.05,-1.3,6.875,12.675,15.85,14.45,9.35,3.475,-4.95,-15.575,-0.633333333
10823,-70.78333333,43,0.1,-4.6,-3.5,1.55,7.2,13,18.25,21.25,20.3,16,10.3,4.75,-1.9,8.55
10824,24,68,0.1,-16.125,-15.25,-10.075,-3.875,3.35,10.35,12.95,10.65,5.25,-1.4,-8.675,-13.925,-2.23125
10825,35,67.5,0.1,-12.125,-12.075,-7.775,-3.025,2.325,8.525,12.225,10.85,6.2,0.525,-5.05,-9.275,-0.722916667
10826,-156.5,71,0.1,-26.05,-27.8,-25.65,-17.5,-6.25,2.2,5.075,4,-0.3,-9.525,-17.975,-24.5,-12.02291667
10827,-120,50,0.1,-8.425,-5.6,-2.15,2.375,6.675,10.675,13.875,13.475,9.125,3.45,-3.4,-7.55,2.710416667
10828,-101.7,49.56666667,0.1,-17,-13.4,-6.7,3.5,10.9,15.9,18.7,17.5,11.3,5.1,-5.1,-13.3,2.283333333
10829,-2.066666667,54.38333333,0.1,0.9,1,3,5.3,8.6,11.8,13.3,13,10.9,7.7,3.8,1.7,6.75
10830,24.16666667,69.66666667,0.1,-16.425,-15.425,-10.725,-5.125,1.675,8.225,11.075,8.925,3.925,-2.775,-9.85,-14.6,-3.425
10831,22.91666667,62.75,0.1,-8.5,-8.8,-4.3,1.9,8.1,13.3,15.1,13.5,8.7,3.9,-1.8,-6.2,2.908333333
10832,22.91666667,62.75,0.1,-8.5,-8.8,-4.3,1.9,8.1,13.3,15.1,13.5,8.7,3.9,-1.8,-6.2,2.908333333
10833,24,68,0.1,-16.125,-15.25,-10.075,-3.875,3.35,10.35,12.95,10.65,5.25,-1.4,-8.675,-13.925,-2.23125
10834,27.5,69.5,0.1,-12,-12.225,-8.7,-3.225,2.625,8.2,11.25,9.85,5.25,-0.35,-5.45,-10.475,-1.270833333
10835,-0.333333333,51.91666667,0.1,3,3.4,6,8.55,12.05,15.1,17.2,16.65,14.25,10.5,6.4,3.95,9.754166667
10836,7.616666667,51.96666667,0.1,1.4,2.1,4.9,8.6,12.5,15.6,17.2,16.5,14.1,10.3,5.2,2.6,9.25
10837,8,51.95,0.1,1.35,2.2,4.75,8.45,12.95,15.9,17.4,16.75,14,9.95,5.1,2.6,9.283333333
10838,9.67,51.5,0.1,-0.6,0.3,3.55,7.725,11.775,15.125,16.525,16.3,13.375,9.15,4.1,1.05,8.197916667
10839,9.67,51.48,0.1,-0.65,0.25,3.55,7.7,11.8,15.15,16.55,16.35,13.4,9.15,4.05,1,8.191666667
10840,9.216666667,52.2,0.1,-0.1,1.1,3.6,7.6,11.8,15.1,16.5,16.2,13.5,9.4,4.5,1.5,8.391666667
10841,37.33333333,-3.033333333,0.1,8.5,9.1,9.2,8.3,7.15,6.15,5.2,5.65,6.65,7.8,8.15,8.35,7.516666667
10842,-2,8,0.1,26.95,28.675,29.125,28.4,27.525,26.2,25.3,24.8,25.55,26.025,26.6,26.175,26.77708333
10843,-57,-5,0.1,26.05,26,26.25,26.575,26.6,26.3,26.35,27,27.35,27.3,26.975,26.6,26.6125
10844,35,-5,0.1,21.6,21.6,21.475,21.125,19.825,18.7,17.9,18.875,20.5,21.725,22.375,22.1,20.65
10845,35,45,0.1,-0.075,0.175,3,9.375,14.9,19.25,21.975,21.55,17,11.3,6.525,2.925,10.65833333
10846,170.75,45.78,NA,NA,NA,NA,NA,NA,NA,NA,NA,NA,NA,NA,NA,NA
10847,-3.2,54.675,0.1,1.8,2.2,4.1,6.65,9.8,12.9,14.2,13.8,11.5,8.65,4.65,2.55,7.733333333
10848,10.4537465,51.0992505,0.1,-1.2,-0.5,3.1,7,11.5,14.8,16.3,16.1,12.9,8.3,3.4,0.3,7.666666667
10849,-79.42,35.17,0.1,4.65,6.35,10.75,15.8,20.15,23.95,25.85,25.3,22.1,16.05,11,6.2,15.67916667
10850,-1.625,55.615,0.1,3.3,3.2,5.7,7.3,10.1,12.8,14.3,14.3,12.2,9.7,6.2,4.3,8.616666667
10851,-61.5917,55.9167,0.1,-19,-17.7,-12.2,-5.5,0.9,6.2,10.7,10.2,6.1,0.3,-5.7,-13.9,-3.3
10852,-85.75,62.25,NA,NA,NA,NA,NA,NA,NA,NA,NA,NA,NA,NA,NA,NA
10853,-166.46,60.075,0.1,-9.7,-10.6,-9.2,-4.9,1.5,6.3,9,9.1,5.9,0.2,-4.2,-8.6,-1.266666667
10854,-110.5,44.5,0.1,-12.35,-10.55,-7.525,-2.475,3.175,7.825,11.95,11.325,6.525,1.175,-6.175,-11.075,-0.68125
10855,-83.8583,27.69165,NA,NA,NA,NA,NA,NA,NA,NA,NA,NA,NA,NA,NA,NA
10856,13.36,55.35,0.1,0,-0.1,2.1,5.8,10.8,14.9,16.6,16.4,13.2,9.3,4.2,1.6,7.9
10857,-166.875,53.515,0.1,-0.3,-2.05,-0.55,0.7,3.35,6.65,9.3,10.95,7.7,4.4,2.05,1,3.6
10858,145.5,-37.8,0.1,18.95,19.25,17.45,14,10.95,8.5,7.75,8.85,10.65,13,15.05,17.05,13.45416667
10859,-149.27,60.33,0.1,-7.55,-6.8,-5.5,-1.7,2.95,7.3,10.25,9.7,5.85,-0.05,-4.75,-6.5,0.266666667
10860,-111.95,33.8,0.1,10.3,12.2,13.8,17.8,22.7,27.9,31,29.8,26.7,21,14.6,10.7,19.875
10861,-90.37,-0.42,0.1,25.4,26.1,26.5,26,25,23.6,22.6,22.3,22.2,22.4,23.2,24,24.10833333
10862,-125.1,37.25,NA,NA,NA,NA,NA,NA,NA,NA,NA,NA,NA,NA,NA,NA
10863,28.5,-20.5,0.1,21.175,20.8,20.15,18.45,15,12.275,12.325,15.025,18.9,21.7,21.45,21.3,18.2125
10864,107.5,33.22,0.1,1.9,4.3,9.15,14.85,19.75,23.8,25.9,25.2,20.35,14.75,8.4,3.35,14.30833333
10865,6.5,46.5,0.1,-0.15,1.425,4.7,8.45,12.425,16.075,18.225,17.475,14.75,9.8,4.725,0.85,9.0625
10866,140.9,41.53,0.1,-1.8,-1.2,1.9,7.1,11.5,15.1,19.7,22.3,18.7,13.2,6.8,1.3,9.55
10867,57.15,23.22,0.1,11.8,13.3,16.5,20.6,24.5,26.8,26.4,25.3,23.4,20.2,15.7,13,19.79166667
10868,-2.135,50.885,0.1,3.5,3.6,5.4,7.8,11,14.3,16.2,15.8,13.4,10.2,6.4,4.5,9.341666667
10869,10.15,46.7,0.1,-6.9,-6.8,-5,-2.2,2.1,5.5,7.8,7.6,5.6,2.3,-2.7,-5.6,0.141666667
10870,-0.735,51.575,0.1,2.6,3.3,6,8.8,12.7,15.3,17.3,16.6,13.7,10.7,6.1,3.6,9.725
10871,140,-66.8,NA,NA,NA,NA,NA,NA,NA,NA,NA,NA,NA,NA,NA,NA
10872,136.05,46.415,0.1,-19.5,-16.5,-9.1,-0.2,5.8,10.3,14.5,15.1,9.8,2.1,-8.2,-16.8,-1.058333333
10873,-84,42.47,0.1,-5.65,-4.5,1.15,7.85,14.15,19.3,21.6,20.4,16.4,10.15,3.65,-2.85,8.470833333
10874,-108.91,44.985,0.1,-6.8,-3.3,1.1,6.25,11.6,16.4,20.15,19.15,13.3,7.65,-0.05,-5.45,6.666666667
10875,15.9,56.13,0.1,-0.6,-0.7,1.7,5.7,10.6,15,17.1,16.8,13.3,9.2,4.5,1.1,7.808333333
10876,9.165,52.58,0.1,0.4,1.25,4.1,8.05,12.4,15.6,17.05,16.8,14,9.85,5,2,8.875
10877,-81.485,33.3,0.1,7.4,9.2,13.25,17.45,21.65,25.2,26.9,26.35,23.35,17.75,12.8,8.65,17.49583333
10878,-83.2,35.55,0.1,-0.6,0.9,5.2,9.7,14,17.5,19.4,18.9,15.9,10.3,5.5,1.2,9.825
10879,-83.27,35.05,0.1,0.9,2.3,6.4,10.8,15,18.5,20.3,19.9,16.9,11.4,6.7,2.4,10.95833333
10880,-78.4,38.5,0.1,-1.5,0,4.95,10.25,15.4,19.6,21.75,21,17.5,11.45,6.2,0.8,10.61666667
10881,-118.75,41,0.1,-0.9,2.75,5.45,9.05,13.9,18.95,23.25,22.1,17,10.9,4.25,-0.35,10.52916667
10882,-119.25,37.9,0.1,-4.7,-5.3,-5.2,-2.8,1.2,6,9.9,9.7,6.5,2.8,-1.8,-4.2,1.008333333
10883,-81.5,33.25,0.1,7.4,9.2,13.25,17.45,21.65,25.2,26.9,26.35,23.35,17.75,12.8,8.65,17.49583333
10884,28.81,51.075,0.1,-6,-4.6,0,8.1,14.3,17.8,18.8,18,13.6,7.7,1.9,-2.7,7.241666667
10885,-111.65,35.2,0.1,-2.1,-0.4,2,5.8,10.1,15,18.3,17.1,13.6,8.2,2.2,-1.6,7.35
10886,-113.6,48.25,0.1,-7.6,-5.1,-2.8,2.1,6.9,11.1,14.4,14.1,9.1,4.3,-2.4,-6.7,3.116666667
10887,-78.37,45.75,0.1,-12.9,-11.5,-5.4,3.2,10.1,15.1,17.8,16.3,12.1,6.2,-0.9,-9.6,3.375
10888,-89.48335,39.73335,0.1,-3.65,-0.95,5.1,11.9,17.65,22.7,24.6,23.3,19.5,13.2,5.9,-0.75,11.54166667
10889,-75.9,45.35,0.1,-11,-9.3,-3.2,5.3,12.4,17.6,20.3,19.1,14.3,8.2,1.5,-7.5,5.641666667
10890,-142.7,53.05,NA,NA,NA,NA,NA,NA,NA,NA,NA,NA,NA,NA,NA,NA
10891,-117.25,53,0.1,-12.8,-9.85,-6.5,-0.55,4.65,8.45,10.85,9.95,5.8,1.5,-6.8,-11.4,-0.558333333
10892,121.75,31.92,0.1,3.5,4.4,8,13.2,18.2,22.6,27.2,27.1,23.2,18,12.3,6.1,15.31666667
10893,-124.125,47.35,0.1,3.7,5.3,6.2,8,10.7,13.2,15.1,15.5,14,10.3,6.4,4,9.366666667
10894,-121.225,42.65,0.1,-2.7,-0.6,1.3,4.3,8.3,12.4,16.1,15.6,11.9,7.2,1.2,-2.4,6.05
10895,-121.75,48.65,0.1,0.6,2.5,4.1,6.9,10.3,13.3,15.8,16.2,13.4,8.9,3.9,1.1,8.083333333
10896,8.685,60.25,0.1,-9.8,-9.5,-5.9,-2,3.5,8.1,9.9,9,5.1,0.7,-5,-8.4,-0.358333333
10897,-2.95,54.42,0.1,1.3,1.8,3.8,6.3,9.6,12.7,14.1,13.6,11.3,8.4,4.4,2.1,7.45
10898,-70,56,0.1,-25.425,-24.05,-17.95,-9.325,-0.45,6.75,11.15,10.05,5.1,-1.35,-9.225,-20.05,-6.23125